"Trampling Species Data Matrix - Species Percent Cover Estimates by Site, Transect and Plot",,,,,,,,,,,,,,,,,,,,,,,,,,,,,,,,,,,,,,combined with D. sitchensis-delete,,,,,,,,,,,,,,,,,NO OBS,,,,,,,,Deleted D. alpinum and combined here,,,,,,,,Bryo sp 9 - R. elongatum is a synonym for Niphotrichum elongatum. Connor says call them all Niphotricum sp - so group racomitrium with Niphotrichum in to single sp,Newly created col,Newly created col,,Added values from Moss 3,,,,,,,Newly created col,,,,,,Newly created col,,,,,,Newly created - Bryo sp. 6 - changed to M lyalli,,,,
This sheet for raw data before resolving species and contains comments and notes; NH updated with CGW moss sample id's (Sept 27),,,,,,,,,,,,,,,,,,,,https://docs.google.com/document/d/1FtDi-7UvKW_FX68b8Dq9BlUk8qLasa10GXESoJib8gM/edit?usp=sharing,,,,,,,,,Non-native sp,,,,,,,,,,,,,,,,,,,,,,,,,,,,,,,,,,,moss,moss,combine with bare soil,combine with litter,combine with bare rock w soil,combine with litter covered soil,combine with soil,moss,moss,moss,moss,moss,moss,,liverwort,moss,moss,liverwort,moss,moss,moss,moss,moss,moss,moss,moss,,moss,moss,moss,moss,,,,
NH updated with CGW moss sample id's on Sept 27-9 (Jul and Aug collecitons) and will transfer to RawData2,,,,,,,,,,,,,,,,,,,Type,forb,woody deciduous shrub,woody evergreen shrub,woody evergreen shrub,conifer,forb,forb,graminoid,graminoid,grass,woody evergreen shrub,graminoid - sedge,forb,forb,forb,woody evergreen shrub,forb,forb,forb/Lycopod,graminoid-rush,graminoid-rush,conifer,deciduous shrub,graminoid-sedge,forb,forb,forb,forb,forb,woody evergreen shrub,forb,forb,forb,deciduous shrub,forb,graminoid,graminoid,graminoid-sedge,deciduous shrub,woody evergreen,forb,forb,forb,forb/Lycopod,moss/liverwort,moss/liverwort,ground,ground,ground,ground,ground,moss/liverwort,moss/liverwort,moss/liverwort,moss/liverwort,moss/liverwort,moss/liverwort,ground,moss/liverwort,moss/liverwort,moss/liverwort,moss/liverwort,moss/liverwort,moss/liverwort,moss/liverwort,moss/liverwort,moss/liverwort,moss/liverwort,moss/liverwort,moss/liverwort,graminoid-sedge,moss/liverwort,moss/liverwort,moss/liverwort,moss/liverwort,graminoid-sedge,woody evergreen,forb,forb
"Aug 5, 2025 - T. M. reassessed and reassigned 2024 sample from TM-3 Quadrat 2 as A. capillaris - tentatively classed as Agrostis idahoensis or pallens to A. capillaris",,,,,,,,,,,,,,,,,order,order,Family,Rosaceae,Ericaceae,Ericaceae,Ericaceae,Pinaceae,Asteraceae,Asteraceae,Poaceae,Poaceae,Poaceae,Ericaceae,Cyperaceae,Ranunculaceae,Caprifoliaceae,Fabaceae,Ericaceae,Rosaceae,Asteraceae,Lycopodiaceae,Juncaceae,Juncaceae,Pinaceae,Salicaceae,Cyperaceae,Plantaginaceae,Onagraceae,Orobanchaceae,Ranunculaceae,Asteraceae,Ericaceae,Saxifragaceae,Plantaginaceae,Liliaceae,Salicaceae,Asteraceae,Poaceae,Poaceae,Cyperaceae,Rosaceae,Ericaceae,Asteraceae,Asteraceae,Ranunculaceae,Lycopodiaceae,,,,,,,,Grimmiaceae,Grimmiaceae,Grimmiaceae,Grimmiaceae,Polytrichaceae,Polytrichaceae,,Jungermanniaceae,Dicranaceae,Hylocomiaceae,Jungermanniaceae,Brachytheciaceae,Brachytheciaceae,Aulacomniaceae,Hylocomiaceae,Polytrichaceae,Pottiaceae,Dicranaceae,Ditrichaceae,Cyperaceae,Bartramiaceae,Ditrichaceae,Mielichhoferiaceae,Polytrichaceae,Cyperaceae,Ericaceae,Asteraceae,Saxifragaceae
,Field Data Entry,Plant ID People,,,,This column: Community Type-2022 from transect photos,,This column: Community designations from transect data: https://github.com/ITEX-sites/Garibaldi/blob/main/Trampling_traits/raw_data/Trampling-TRANSECTS_data.csv,,,,,,,,,treat.trans.plot,transect.plot,Species binomial,Luetkea pectinata,Vaccinium ovalifolium,Cassiope mertensiana,Phyllodoce empetriformis,Abies lasiocarpa,Hieracium tristis,Erigeron glacialis,Vahlodea atropurpurea,Poa alpina,Agrostis capillaris.idahoensis,Kalmia microphylla,Carex spectabilis,Caltha leptosepala,Valeriana stichensis,Lupinus arcticus,Phyllodoce glanduliflora,Potentilla flabellifolia,Arnica latifolia,Diphasiastrum alpinum,Juncus drummondii,Luzula piperi,Tsuga mertensiana,Salix barclayi,Carex nigricans,Veronica wormskjoldii,Epilobium anagallidifolium,Castilleja parviflora,Pulsatilla occidentalis,Tonestus lyallii,Gaultheria humifusa,Leptarrhena pyrolifolia,Penstemon procerus,Erythronium grandiflorum,Salix commutata,Antennaria media,Festuca brachyphylla,Danthonia intermedia,Schoenoplectus acutus,Sorbus sitchensis,Vaccinium membranaceum,Antennaria umbrinella,Antennaria rosea,Ranunculus eschscholtzii,Diphasiastrum sitchense,Bryophyta - sp. 1,Bryophyta - sp. 2,bare soil/rock,soil with litter cover,bare soil,litter covered intact soil,rock,Niphotrichum elongatum and ericoides,Niphotrichum pygmaeum,Niphotrichum muticum,Bucklandiella sudetica,Polytrichum spp (mainly commune),Polytricum fomosum,cryptogamic crust,Lophozia ventricosa,Dicranum pallidisetum,Rhytidiopsis robusta,Barbilophozia hatcheri,Sciuro-hypnum oedipodium,Brachythecium spp,Aulacomnium palustre,Rhytidiadelphus squarrosus,Polytrichum piliferum,Streblotrichum convolutum,Dichodontium olympicum,Ceratodon purpureus,Carex hassei,Philonotis Fontana,Ditrichum spp.,Pohlia nutans,Meiotrichum lyallii,Carex nardina,Phyllodoce x intermedia,Solidago multiradiata,Micranthes tolmiei
,,,,,,,,,,,,,,,,,,,,luepec,vacova,casmer,phyemp,abilas,hietri,erigla,vahatr,poaalp,agrcap,kalmic,carspe,callep,valsti,luparc,phygla,potfla,arnlat,dipalp,jundru,luzpip,tsumer,salbar,carnig,verwor,epiana,caspar,pusocc,tonlya,gauhum,leppyr,penpro,erygra,salcom,antmed,fesbra,danint,schacu,sorsit,vacmem,antumb,antros,ranesc,dipsit,bryosp1,bryosp2,,,soil,litter,rock,nipelo,nippyg,nipmut,bucsud,polspp,polfom,crust,lopven,dicpal,rhyrob,barhat,Scioed,braspp,aulpal,rhysqu,polpil,strcon,dicoly,cerpur,carhas,phifon,ditspp,pohnut,meilya,carnar,phyint,solmul,mictol
date,(initials),(initials),notes,treatment,treatcode,community: see Metadata,commun.code - col F - can adjust to accomm col H diffs*,commun,altitude,slope,site,site.name,site.transect,transect.no,quad,transect.code,treat.transplot,,Species code,LUEPEC,VACOVA,CASMER,PHYEMP,ABILAS,HIETRI,ERIGLA,VAHATR,POAALP,AGRCAP,KALMIC,CARSPE,CALLEP,VALSTI,LUPARC,PHYGLA,POTFLA,ARNLAT,DIPALP,JUNDRU,LUZPIP,TSUMER,SALBAR,CARNIG,VERWOR,EPIANA,CASPAR,PUSOCC,TONLYA,GAUHUM,LEPPYR,PENPRO,ERYGRA,SALCOM,ANTMED,FESBRA,DANINT,SCHACU,SORSIT,VACMEM,ANTUMB,ANTROS,RANESC,DIPSIT,Bryosp1,Bryosp2,soil.rock,littercover,soil,litter,rock,NIPELOERI,NIPPYG,NIPMUT,BUCSUD,POLSPP,POLFOM,crypto.crust,LOPVEN,DICPAL,RHYROB,BARHAT,SCIOED,BRASPP,AULPAL,RHYSQU,POLPIL,STRCON,DICOLY,CERPUR,CARHAS,PHIFON,DITSPP,POHNUT,MEILYA,CARNAR,PHYINT,SOLMUL,MICTOL
25-Jul,NH,"TM, NH, with ND, PE",,near,0,phy/vac,PV,cas/vac/phy,1579.9,2,1,TM,1.1,1,1,TM-1,1,1,,0.5,,,10,,,,,,,,,,,,,,,,,,,,,,,,,,,,,,,,,,,,,,,,,,,90,,,,,,,,,,,,,,,,,,,,,,,,,,,,,,,,
25-Jul,NH,"TM, NH, with ND, PE",,near,0,phy/vac,PV,cas/vac/phy,1579.9,2,1,TM,1.1,1,2,TM-1,2,2,,0.5,,,10,,,,,,,,,,,,,,,,,,,,,,,,,,,,,,,,,,,,,,,,,,,90,,,,,,,,,,,,,,,,,,,,,,,,,,,,,,,,
25-Jul,NH,"TM, NH, with ND, PE",wrote >95,near,0,phy/vac,PV,cas/vac/phy,1579.9,2,1,TM,1.1,1,3,TM-1,3,3,,1,1,,1,,,,,,,,,,,,,,,,,,,,,,,,,,,,,,,,,,,,,,,,,,,95,,,,,,,,,,,,,,,,,,,,,,,,,,,,,,,,
25-Jul,NH,"TM, NH, with ND, PE",,near,0,phy/vac,PV,cas/vac/phy,1579.9,2,1,TM,1.1,1,4,TM-1,4,4,,5,10,15,20,,,,,,,,,,,,,,,,,,,,,,,,,,,,,,,,,,,,,,,,,,,80,,,,,,,,,,,,,,,,,,,,,,,,,,,,,,,,
25-Jul,NH,"TM, NH, with ND, PE",,near,0,phy/vac,PV,cas/vac/phy,1579.9,2,1,TM,1.1,1,5,TM-1,5,5,,1,,,0.5,,,,,,,,,,,,,,,,,,,,,,,,,,,,,,,,,,,,,,,,,,,95,,,,,,,,,,,,,,,,,,,,,,,,,,,,,,,,
25-Jul,NH,"TM, NH, with ND, PE",,near,0,phy/vac,PV,cas/vac/phy,1579.9,2,1,TM,1.1,1,6,TM-1,6,6,,0.5,,,,,,,,,,,,,,,,,,,,,,,,,,,,,,,,,,,,,,,,,,,,,,95,,,,,,,,,,,,,,,,,,,,,,,,,,,,,,,,
25-Jul,NH,"TM, NH, with ND, PE",Took sample of V. atropurpurea,near,0,phy/vac,PV,cas/vac/phy,1579.9,2,1,TM,1.1,1,7,TM-1,7,7,,1,0.5,,,,,,0.5,,,,,,,,,,,,,,,,,,,,,,,,,,,,,,,,,,,,,,,95,,,,,,,,,,,,,,,,,,,,,,,,,,,,,,,,
25-Jul,NH,"TM, NH, with ND, PE",,near,0,phy/vac,PV,cas/vac/phy,1579.9,2,1,TM,1.1,1,8,TM-1,8,8,,,,,,,,,,,,,,,,,,,,,,,,,,,,,,,,,,,,,,,,,,,,,,,,100,,,,,,,,,,,,,,,,,,,,,,,,,,,,,,,,
25-Jul,NH,"TM, NH, with ND, PE",,near,0,phy/vac,PV,cas/vac/phy,1579.9,2,1,TM,1.1,1,9,TM-1,9,9,,0.5,0.5,,,,,,,,,,,,,,,,,,,,,,,,,,,,,,,,,,,,,,,,,,,,,95,,,,,,,,,,,,,,,,,,,,,,,,,,,,,,,,
25-Jul,NH,"TM, NH, with ND, PE",,near,0,phy/vac,PV,cas/vac/phy,1579.9,2,1,TM,1.1,1,10,TM-1,10,10,,5,10,,5,,,,0.5,,,,,,,,,,,,,,,,,,,,,,,,,,,,,,10,,,,,,,,,90,,,,,,,,,,,,,,,,,,,,,,,,,,,,,,,,
25-Jul,ND,"TM, PE",,far,1,phy/vac,PV,phy/cas/vac,1579.9,4,1,TM,1.2,2,1,TM-2,141,11,,10,20,15,30,,,,,,,,,,,,,,,,,,,,,,,,,,,,,,,,,,,,,,,,,5,0.5,,20,,,,,,,,,,,,,,,,,,,,,,,,,,,,,,,
25-Jul,ND,"TM, PE",1 seedling ABILAS,far,1,phy/vac,PV,phy/cas/vac,1579.9,4,1,TM,1.2,2,2,TM-2,142,12,,10,25,10,15,0.5,,,,,,,,,,,,,,,,,,,,,,,,,,,,,,,,,,,,,,,,0.5,,,25,,,,,,,,,,,,,,,,,,,,,,,,,,,,,,,
25-Jul,ND,"TM, PE",3 seedling ABILAS,far,1,phy/vac,PV,phy/cas/vac,1579.9,4,1,TM,1.2,2,3,TM-2,143,13,,10,15,10,5,0.5,,,,,,,,,,,,,,,,,,,,,,,,,,,,,,,,,,,,,,,,0.5,,,70,,,,,,,,,,,,,,,,,,,,,,,,,,,,,,,
25-Jul,ND,"TM, PE",1 sapling ABILAS,far,1,phy/vac,PV,phy/cas/vac,1579.9,4,1,TM,1.2,2,4,TM-2,144,14,,5,10,15,,0.5,,,,,,,,,,,,,,,,,,,,,,,,,,,,,,,,,,,,,,,,0.5,0.5,,70,,,,,,,,,,,,,,,,,,,,,,,,,,,,,,,
25-Jul,ND,"TM, PE","1 sapling ABILAS, cryptogammic crust",far,1,phy/vac,PV,phy/cas/vac,1579.9,4,1,TM,1.2,2,5,TM-2,145,15,,10,15,25,,0.5,,,,,,,,,,,,,,,,,,,,,,,,,,,,,,,,,,,,,,,,0.5,,,70,,,,,,,,,,,,,,,,,,,,,,,,,,,,,,,
25-Jul,ND,"TM, PE","2 sapling ABILAS, cryptogammic crust",far,1,phy/vac,PV,phy/cas/vac,1579.9,4,1,TM,1.2,2,6,TM-2,146,16,,10,20,15,1,0.5,,,,,,,,,,,,,,,,,,,,,,,,,,,,,,,,,,,,,,,,1,,,75,,,,,,,,,,,,,,,,,,,,,,,,,,,,,,,
25-Jul,ND,"TM, PE","2 sapling ABILAS, cryptogammic crust",far,1,phy/vac,PV,phy/cas/vac,1579.9,4,1,TM,1.2,2,7,TM-2,147,17,,5,10,10,,1,0.5,,,,,,,,,,,,,,,,,,,,,,,,,,,,,,,,,,,,,,,5,,,80,,,,,,,,,,,,,,,,,,,,,,,,,,,,,,,
25-Jul,ND,"TM, PE",1 sapling ABILAS,far,1,phy/vac,PV,phy/cas/vac,1579.9,4,1,TM,1.2,2,8,TM-2,148,18,,5,5,10,10,0.5,,,,,,,,,,,,,,,,,,,,,,,,,,,,,,,,,,,,,,,,1,,,50,,,,,,,,,,,,,,,,,,,,,,,,,,,,,,,
25-Jul,ND,"TM, PE",,far,1,phy/vac,PV,phy/cas/vac,1579.9,4,1,TM,1.2,2,9,TM-2,149,19,,1,10,10,5,,,,,,,,,,,,,,,,,,,,,,,,,,,,,,,,,,,,,,,,,1,0.5,,50,,,,,,,,,,,,,,,,,,,,,,,,,,,,,,,
25-Jul,ND,"TM, PE",,far,1,phy/vac,PV,phy/cas/vac,1579.9,4,1,TM,1.2,2,10,TM-2,150,20,,5,5,5,5,,,,,,,1,,,,,,,,,,,,,,,,,,,,,,,,,,,,,,,,,,1,,,80,,,,,,,,,,,,,,,,,,,,,,,,,,,,,,,
28-Jul,ND,"NH, TM, ND, PE",C. nigricans could also be C. pyrenaica,near,0,phy/vac,PV,phy/vac/cas,1581.1,16,1,TM,1.3,3,1,TM-3,11,21,,10,,,1,,,,,,,0.5,,,,,,,,,,,,,5,,,,,,,,,,,,,20,,,,,,,,,,,,70,,,,,,,,,,,,,,,,,,,,,,,,,,,,,,
28-Jul,ND,"NH, TM, ND, PE",,near,0,phy/vac,PV,phy/vac/cas,1581.1,16,1,TM,1.3,3,2,TM-3,12,22,,5,,,,,,,,,10,,,,,,,,,,,,,,5,,,,,,,,,,,,,5,,,,,,,,,,,,75,,,,,,,,,,,,,,,,,,,,,,,,,,,,,,
28-Jul,ND,"NH, TM, ND, PE",,near,0,phy/vac,PV,phy/vac/cas,1581.1,16,1,TM,1.3,3,3,TM-3,13,23,,5,,,1,,,,,,10,,,,,,,,,,,,,,0.5,,,,,,,,,,,,,1,,,,,,,,,,,,90,,,,,,,,,,,,,,,,,,,,,,,,,,,,,,
28-Jul,ND,"NH, TM, ND, PE",,near,0,phy/vac,PV,phy/vac/cas,1581.1,16,1,TM,1.3,3,4,TM-3,14,24,,10,0.5,0.5,,,,,,,,,,,,,,,,,,,,,0.5,,,,,,,,,,,,,,,,,,,,,,,,,90,,,,,,,,,,,,,,,,,,,,,,,,,,,,,,
28-Jul,ND,"NH, TM, ND, PE",big rock,near,0,phy/vac,PV,phy/vac/cas,1581.1,16,1,TM,1.3,3,5,TM-3,15,25,,30,10,,,,0.5,,,,1,,,,,,,,,,,,,,1,,,,,,,,,,,,,1,,,,,,,,,,,,65,,,,,,,,,,,,,,,,,,,,,,,,,,,,,,
28-Jul,ND,"NH, TM, ND, PE",big rock,near,0,phy/vac,PV,phy/vac/cas,1581.1,16,1,TM,1.3,3,6,TM-3,16,26,,20,5,,,,,,,,0.5,,,,,,,,,,,,,,,,,,,,,,,,,,,0.5,,,,,,,,,,,,70,,,,,,,,,,,,,,,,,,,,,,,,,,,,,,
28-Jul,ND,"NH, TM, ND, PE",,near,0,phy/vac,PV,phy/vac/cas,1581.1,16,1,TM,1.3,3,7,TM-3,17,27,,,1,,,,,,,,,,,,,,,,,,,,,,,,,,,,,,,,,,,,,,,,,,,,,,,100,,,,,,,,,,,,,,,,,,,,,,,,,,,,,,
28-Jul,,"NH, TM, ND, PE",,near,0,phy/vac,PV,phy/vac/cas,1581.1,16,1,TM,1.3,3,8,TM-3,18,28,,,,,,,,,,,,,0.5,,,,,,,,,,,,,,,,,,,,,,,,,,,,,,,,,,,,,100,,,,,,,,,,,,,,,,,,,,,,,,,,,,,,
28-Jul,ND,"NH, TM, ND, PE",,near,0,phy/vac,PV,phy/vac/cas,1581.1,16,1,TM,1.3,3,9,TM-3,19,29,,0.5,,,,,,,,,,,,,,,,,,,,,,,,,,,,,,,,,,,,0.5,,,,,,,,,,,,100,,,,,,,,,,,,,,,,,,,,,,,,,,,,,,
28-Jul,ND,"NH, TM, ND, PE",probably 90% bare soil,near,0,phy/vac,PV,phy/vac/cas,1581.1,16,1,TM,1.3,3,10,TM-3,20,30,,10,,,,,,0.5,,,1,,,,,,,,,,,,,,,,,,,,,,,,,,,1,,,,,,,,,,,,100,,,,,,,,,,,,,,,,,,,,,,,,,,,,,,
28-Jul,TM,"TM, PE",,far,1,phy/vac,PV,phy/vac/cas,1581,8,1,TM,1.4,4,1,TM-4,151,31,,5,1,,25,,0.5,1,,,,1,,1,,,,,,,,,,,0.5,,,,,,,,,,,,,10,,,,,,,,1,10,,,,5,,0.5,,,,0.5,,,,,,,,,0.5,,,,,,,,,,,,,,
28-Jul,TM,"TM, PE",,far,1,phy/vac,PV,phy/vac/cas,1581,8,1,TM,1.4,4,2,TM-4,152,32,,30,5,,30,,0.5,,,,,1,,0.5,,,,,,,,,,,0.5,,,,,,,,,,,,,1,,,,,,,,0.5,,,,,,,,,,,5,,,,,,,,,,,,,,,,,,,,,,,
28-Jul,TM,"TM, PE",,far,1,phy/vac,PV,phy/vac/cas,1581,8,1,TM,1.4,4,3,TM-4,153,33,,50,10,,15,,0.5,,,,,5,,0.5,,,,,,,,,,,,,,,,,,,,,,,,1,,,,,,,,,0.5,,,,1,,,,,,5,,,,,,,,,,,,,,,,,,,,,,,
28-Jul,ND,"NH, ND",,far,1,phy/vac,PV,phy/vac/cas,1581,8,1,TM,1.4,4,4,TM-4,154,34,,30,30,,10,,1,,,,,1,,,,,,,,,,,,,,,,,,,,,,,,,,25,,,,,,,,1,,,,,5,,,,,,15,,,,,,,,,,,,,,,,,,,,,,,
28-Jul,ND,"NH, ND",2 sapling ABILAS,far,1,phy/vac,PV,phy/vac/cas,1581,8,1,TM,1.4,4,5,TM-4,155,35,,45,40,1,5,5,,,,,,5,,,,,,,,,,,,,,,,,,,,,,,,,,10,,,,,,,,1,,,,,5,,,,,,10,,,,,,,,,,,,,,,,,,,,,,,
28-Jul,ND,"NH, ND",,far,1,phy/vac,PV,phy/vac/cas,1581,8,1,TM,1.4,4,6,TM-4,156,36,,10,20,40,60,,,,,,,0.5,,,,,,,,,,,,,,,,,,,,,,,,,,0.5,,,,,,,,,,,,,1,,,,,,1,,,,,,,,,,,,,,,,,,,,,,,
28-Jul,ND,"NH, ND",,far,1,phy/vac,PV,phy/vac/cas,1581,8,1,TM,1.4,4,7,TM-4,157,37,,20,35,60,25,,,0.5,0.5,,,1,,,,,,,,,,,,,,,,,,,,,,,,,,1,,,,,,,,,20,,,,1,,,,,,,,,,,,,,,,,,,,,,,,,,,,,
28-Jul,ND,"NH, ND",,far,1,phy/vac,PV,phy/vac/cas,1581,8,1,TM,1.4,4,8,TM-4,158,38,,10,25,50,45,,,,,,,0.5,,,,,,,,,,,,,,,,,,,,,,,,,,,,,,,,,,,25,,,,5,,,,,,,,,,,,,,,,,,,,,,,,,,,,,
28-Jul,ND,"NH, ND","Exobasidium cassiopes, branches of ABILAS, ",far,1,phy/vac,PV,phy/vac/cas,1581,8,1,TM,1.4,4,9,TM-4,159,39,,15,25,30,50,60,,,,,,0.5,,,,,,,,,,,,,,,,,,,,,,,,,,,,,,,,,,,10,,,,15,,,,,,,,,,,,,,,,,,,,,,,,,,,,,
28-Jul,ND,"NH, ND","branches ABILAS, bryo 2 ropey,",far,1,phy/vac,PV,phy/vac/cas,1581,8,1,TM,1.4,4,10,TM-4,160,40,,5,30,15,90,5,,1,,,,0.5,,,,,,,,,,,,,,,,,,,,,,,,,,,,,,,,,,,5,,,,0.5,,0.5,,,,,,,,,,,,,,,,,,,,,,,,,,,
03-Aug,TM,"TM, NK, CW (bryos)","ABILAS life stages not recorded, Barbiliphosia hatcheri was written down but no percent cover recorded; assuming it was seen and missed recording",near,0,Phyllodoce/Vaccinium/Cassiope,PVC,vac/phy/cas,1587.8,11,1,TM,1.5,5,1,TM-5,21,41,,20,10,15,15,0.5,0.5,0.5,0.5,,0.5,1,,0.5,,,,,,,,,,,1,,,,,,,,,,,,,,,,,,,,,,,,,10,,,,,,0.5,,,,,1,0.5,,,,,,,,,,,,,,,,,,
03-Aug,TM,"TM, NK, CW (bryos)","2 ABILAS, TSUMER 1,",near,0,Phyllodoce/Vaccinium/Cassiope,PVC,vac/phy/cas,1587.8,11,1,TM,1.5,5,2,TM-5,22,42,,25,5,10,20,0.5,0.5,0.5,0.5,,0.5,0.5,,,,,,,,,,,0.5,,0.5,,,,,,,,,,,,,,,,,,,,0.5,,,,,10,,,0.5,,,,,0.5,,,0.5,1,,,,,,,,,,,,,,,,,,
03-Aug,TM,"TM, NK, CW (bryos)",TSUMER overhang,near,0,Phyllodoce/Vaccinium/Cassiope,PVC,vac/phy/cas,1587.8,11,1,TM,1.5,5,3,TM-5,23,43,,15,25,10,70,,,0.5,0.5,,0.5,10,0.5,,,,,,,,,,5,,,,,,,,,,,,,,,,,,,,,,5,,,,,10,,,,,1,,,,,,0.5,,,,1,,,,,,,,,,,,,,,
03-Aug,TM,"TM, NK, CW (bryos)",TSUMER overhang,near,0,Phyllodoce/Vaccinium/Cassiope,PVC,vac/phy/cas,1587.8,11,1,TM,1.5,5,4,TM-5,24,44,,10,10,20,20,5,0.5,0.5,0.5,,0.5,1,0.5,,,,,,,,,,1,,,,,,,,,,,,,,,0.5,,,,,,,,,,,,10,,,5,,,,,,10,,0.5,0.5,,,5,,,,,,,,,,,,,,,
03-Aug,TM,"TM, NK, CW (bryos)",ABILAS 1,near,0,Phyllodoce/Vaccinium/Cassiope,PVC,vac/phy/cas,1587.8,11,1,TM,1.5,5,5,TM-5,25,45,,5,5,5,25,0.5,0.5,,0.5,,0.5,0.5,,0.5,,,,,,,,,,,,,,,,,,,,,,,,,,,,,,,1,,,,,,,,1,,,0.5,,0.5,10,,0.5,1,,,1,,,,,,,,,,,,,,,
03-Aug,TM,"TM, NK, CW (bryos)"," ABILAS 1, 0.5 of a Racometrium spp too young to ID to spp. ",near,0,Phyllodoce/Vaccinium/Cassiope,PVC,vac/phy/cas,1587.8,11,1,TM,1.5,5,6,TM-5,26,46,,15,5,10,30,1,,1,0.5,,0.5,1,,0.5,,,,,,,,,,,0.5,,,,,,,,,,,,,,,,,,,,0.5,,,,,,,,1,,,,,,25,,,,,,1,,,,,,,,,,,,,,,
03-Aug,TM,"TM, NK, CW (bryos)", ABILAS 1,near,0,Phyllodoce/Vaccinium/Cassiope,PVC,vac/phy/cas,1587.8,11,1,TM,1.5,5,7,TM-5,27,47,,15,15,5,25,1,0.5,0.5,0.5,,0.5,1,,,,,,,,,,,,,0.5,,,,,,,,,,,,,,,,,,,,5,,,,,,,,10,,,,,,15,,1,,,,,,,,,,,,,,,,,,,
03-Aug,TM,"TM, NK, CW (bryos)",ABILAS 2,near,0,Phyllodoce/Vaccinium/Cassiope,PVC,vac/phy/cas,1587.8,11,1,TM,1.5,5,8,TM-5,28,48,,15,15,10,20,,0.5,,0.5,,0.5,5,,,,,,,,,,,,,0.5,,,,,,,,,,,,,,,,,,,,,,,,,,,,10,,,,,,10,0.5,1,,,,,,,,,,,,,,,,,,,
03-Aug,TM,"TM, NK, CW (bryos)",,near,0,Phyllodoce/Vaccinium/Cassiope,PVC,vac/phy/cas,1587.8,11,1,TM,1.5,5,9,TM-5,29,49,,15,15,15,30,,1,0.5,1,,0.5,10,,,,,,,,,,,,,,,,,,,,,,,,,,0.5,,,,,,,,,,,,15,,,5,,,,,,,,,,,,,,,,,,,,,,,,,,,
03-Aug,TM,"TM, NK, CW (bryos)","ABILAS 1, TSUMER 1",near,0,Phyllodoce/Vaccinium/Cassiope,PVC,vac/phy/cas,1587.8,11,1,TM,1.5,5,10,TM-5,30,50,,40,20,10,30,0.5,5,,,,5,,,,,,,,,,,,10,,0.5,,,,,,,,,,,,,,,,,,,,1,,,,,5,,,1,,,,,,,,0.5,,,,,,,,,,,,,,,,,,,
03-Aug,"NH, AD","NH, PE, AD, CW",Both Brachythecium species were present in this transect - eryth and alb,far,1,Phyllodoce/Vaccinium/Cassiope,PVC,phy/vac/cas,1588,11,1,TM,1.6,6,1,TM-6,161,51,,1,5,70,35,,0.5,0.5,5,,,,,15,,,,5,,,,,,,,0.5,,,,,,,,,,,,1,,,,,,,,,,,,,,,20,,,,,,,,1,,1,,,,,,,,,,,,,,,,,
03-Aug,"NH, AD","NH, PE, AD, CW",ABILAS 1,far,1,Phyllodoce/Vaccinium/Cassiope,PVC,phy/vac/cas,1588,11,1,TM,1.6,6,2,TM-6,162,52,,1,10,5,20,0.5,,0.5,5,,,5,,10,,,,0.5,,,,,,,,0.5,,,,,,,,,,,,5,,,,,,,,,,,,,5,,5,,,,,,,,,,0.5,,0.5,1,0.5,,,,,,,,,,,,,
03-Aug,"NH, AD","NH, PE, AD, CW",,far,1,Phyllodoce/Vaccinium/Cassiope,PVC,phy/vac/cas,1588,11,1,TM,1.6,6,3,TM-6,163,53,,0.5,,,10,,0.5,0.5,1,,,,1,10,,,,5,,,,,,1,,0.5,,,,,,,,,,,,25,,,,,,,,,,,,,,,1,,,,,,,1,0.5,,,,5,10,,,,,,,,,,,,,,
03-Aug,"NH, AD","NH, PE, AD, CW",,far,1,Phyllodoce/Vaccinium/Cassiope,PVC,phy/vac/cas,1588,11,1,TM,1.6,6,4,TM-6,164,54,,,5,,1,,0.5,0.5,0.5,,,,,15,,,,1,,,,,,,,1,,,,,,,,,,,,30,,,,,,,,,,,,,,,,,,,,,,,,,,,5,25,1,,,,,,,,,,,,,
03-Aug,"NH, AD","NH, PE, AD, CW",,far,1,Phyllodoce/Vaccinium/Cassiope,PVC,phy/vac/cas,1588,11,1,TM,1.6,6,5,TM-6,165,55,,,5,,,,0.5,1,0.5,,0.5,,,10,,,,5,,,,,,30,,1,,1,,,,5,,,,,,30,,,,,,,,,,,,,,,5,,,,,,,,,,,,5,10,,,,,,,,,,,,,,
03-Aug,"NH, AD","NH, PE, AD, CW",,far,1,Phyllodoce/Vaccinium/Cassiope,PVC,phy/vac/cas,1588,11,1,TM,1.6,6,6,TM-6,166,56,,,5,,15,,,,,,0.5,,,15,,,,10,,,,,,30,,,,,,,,5,,,,,,,,,,,,,,,,,,,,,,,,,,,,,,,,,1,10,,,,,,,,,,,,,,
03-Aug,"NH, AD","NH, PE, AD, CW",,far,1,Phyllodoce/Vaccinium/Cassiope,PVC,phy/vac/cas,1588,11,1,TM,1.6,6,7,TM-6,167,57,,,10,1,25,,,0.5,0.5,,,0.5,,15,,,,15,,,,,,20,,,,,,,,0.5,,,,,,5,,,,,,,,,,,,,,,,,,,,,,,,,5,,,10,0.5,,,,,,,,,,,,,
03-Aug,"NH, AD","NH, PE, AD, CW",ABILAS 1 sapling,far,1,Phyllodoce/Vaccinium/Cassiope,PVC,phy/vac/cas,1588,11,1,TM,1.6,6,8,TM-6,168,58,,0.5,15,15,30,5,,,1,,,,,1,,,,5,,,,,,15,,,,,,,,15,,,,,,,,,,,,,,,,,,,,,,,,,,,,,,,,,,,,,,,,,,,,,,,,
03-Aug,"NH, AD","NH, PE, AD, CW",ABILAS 1 sapling,far,1,Phyllodoce/Vaccinium/Cassiope,PVC,phy/vac/cas,1588,11,1,TM,1.6,6,9,TM-6,169,59,,0.5,15,15,5,50,,,,,0.5,,,,,,,,,,,,70,5,,,,,,,,5,,,,,,,,,,,,,5,,,,,,,,,,,,,,,,,,,,,,,,,,,,,,,,,,,
03-Aug,"NH, AD","NH, PE, AD, CW",,far,1,Phyllodoce/Vaccinium/Cassiope,PVC,phy/vac/cas,1588,11,1,TM,1.6,6,10,TM-6,170,60,,10,20,20,20,,,,,,,5,,,,,,,,,,,,,1,,,,,,,,,,,,,,,,,,,,5,,,,,,10,,1,,,,,,10,,10,,1,,,1,,,,,,,,,,,,,,
02-Aug,SW,"NH, TM, CW",DIPSIT is trampled,near,0,Phyllodoce/Vaccinium/Cassiope,PVC,phy/vac/cas,1668.5,3,1,TM,1.7,7,1,TM-7,31,61,,5,0.5,5,20,,,,,,,,,,,,,,,,,,,,,,,,,,,,,,,,,,,,,,,,1,,,,,70,,,,,,,,,,,,,,,,,,,,,,,,,,,,,,
02-Aug,SW,"NH, TM, CW",,near,0,Phyllodoce/Vaccinium/Cassiope,PVC,phy/vac/cas,1668.5,3,1,TM,1.7,7,2,TM-7,32,62,,1,1,1,5,,,,0.5,,,,,,,,,,,,,,,,,,,,,,,,,,,,,,,,,,,,5,,,,,90,,,,,,,,,,,,,,,,,,,,,,,,,,,,,,
02-Aug,SW,"NH, TM, CW",ABILAS 1 sapling,near,0,Phyllodoce/Vaccinium/Cassiope,PVC,phy/vac/cas,1668.5,3,1,TM,1.7,7,3,TM-7,33,63,,5,10,10,30,0.5,0.5,,,,,,,,,5,,,,,,,,,,,,,,,,,,,,,,,,,,,,,1,,,,,65,,,,,,,,,,,,,,,,,,,,,,,,,,,,,,
02-Aug,SW,"NH, TM, CW","ABILAS 2 sapling, 1 seedling",near,0,Phyllodoce/Vaccinium/Cassiope,PVC,phy/vac/cas,1668.5,3,1,TM,1.7,7,4,TM-7,34,64,,10,25,35,50,5,,,,,,,,,,,,,,,,,,,,,,,,,,,,,,,,,,,,,,,1,,,,10,15,,,,,,,,,,,,,,,,,,,,,,,,,,,,,,
02-Aug,SW,"NH, TM, CW",,near,0,Phyllodoce/Vaccinium/Cassiope,PVC,phy/vac/cas,1668.5,3,1,TM,1.7,7,5,TM-7,35,65,,5,15,20,15,,,,,,,,,,,,,,,,,,,,,,,,,,,,,,,,,,,,,,,,10,,,,,60,,,,,,,,,,,,,,,,,,,,,,,,,,,,,,
02-Aug,SW,"NH, TM, CW",,near,0,Phyllodoce/Vaccinium/Cassiope,PVC,phy/vac/cas,1668.5,3,1,TM,1.7,7,6,TM-7,36,66,,5,5,15,25,,,,,,,,,,,,,,,,,,,,,,,,,,,,,,,,,,,,,,,,25,,,,,50,,,,,,,,,,,,,,,,,,,,,,,,,,,,,,
02-Aug,SW,"NH, TM, CW","ABILAS 1 sapling/ TSUMER 1 sapling/CARPYR could be CARNIG, unsure",near,0,Phyllodoce/Vaccinium/Cassiope,PVC,phy/vac/cas,1668.5,3,1,TM,1.7,7,7,TM-7,37,67,,10,20,20,40,5,,0.5,1,,,,,,,25,,,,,,,10,,5,,,,,,,,,,,,,,,,,,,,,,,,,30,,,,,,,,,,,,,,,,,,,,,,,,,,,,,,
02-Aug,SW,"NH, TM, CW",,near,0,Phyllodoce/Vaccinium/Cassiope,PVC,phy/vac/cas,1668.5,3,1,TM,1.7,7,8,TM-7,38,68,,20,35,25,45,,,,,,,,,,,10,,,,,,,,,0.5,,,,,,,,,,,,,,,,,,,,,,,,,30,,,,,,,,,,,,,,,,,,,,,,,,,,,,,,
02-Aug,SW,"NH, TM, CW",bare soil has some litter,near,0,Phyllodoce/Vaccinium/Cassiope,PVC,phy/vac/cas,1668.5,3,1,TM,1.7,7,9,TM-7,39,69,,10,20,20,25,,,,,,,,,,,,,,,,,,,,,,,,,,,,,,,,,,,,,,,,,,,,,40,,,,,,,,,,,,,,,,,,,,,,,,,,,,,,
02-Aug,SW,"NH, TM, CW",bare soil has some litter,near,0,Phyllodoce/Vaccinium/Cassiope,PVC,phy/vac/cas,1668.5,3,1,TM,1.7,7,10,TM-7,40,70,,10,35,30,30,,,,,,,,,,,,,,,,,,,,,,,,,,,,,,,,,,,,,,,,,,,,,35,,,,,,,,,,,,,,,,,,,,,,,,,,,,,,
02-Aug,TM,"TM, NK, CW ",ABILAS 2 saplings/ TSUMER 1 sapling,far,1,Phyllodoce/Vaccinium/Cassiope,PVC,phy/vac/cas,1668.5,5,1,TM,1.8,8,1,TM-8,171,71,,5,15,30,5,1,,0.5,0.5,,,,,,,,,,,,,,5,,,,,,,,,,,,,,,,,,,,,,,,,,,,15,,,,,,,,10,,15,,,,,,,,,,,,,,,,,,,
02-Aug,TM,"TM, NK, CW ","small amounts of laphozia in early quadrats, forgot to record",far,1,Phyllodoce/Vaccinium/Cassiope,PVC,phy/vac/cas,1668.5,5,1,TM,1.8,8,2,TM-8,172,72,,5,15,10,10,,,,,,,,,,,,,,,,,,,,,,,,,,,,,,,,,,,,,,,,,,,,,,10,,,,,,,,15,,,,5,,,,,,,,,,,,,,,,,
02-Aug,TM,"TM, NK, CW ",ABILAS 1 sapling// CRUST lots of cladonia,far,1,Phyllodoce/Vaccinium/Cassiope,PVC,phy/vac/cas,1668.5,5,1,TM,1.8,8,3,TM-8,173,73,,1,10,15,15,0.5,0.5,,0.5,,,,,,,,,,,,,,,,,,,,,,,,,,,,,,,,,,,,,,,,,,10,,,,,,,,20,,1,,,,,,,,,,,,,,,,,,,
02-Aug,TM,"TM, NK, CW ",,far,1,Phyllodoce/Vaccinium/Cassiope,PVC,phy/vac/cas,1668.5,5,1,TM,1.8,8,4,TM-8,174,74,,1,15,15,5,,,,0.5,,,,,,,,,,,,,,,,,,,,,,,,,,,,,,,,,,,,,,,,,,10,,,,,,,,5,,5,,,,,,,,,,,,,,,,,,,
02-Aug,TM,"TM, NK, CW ",ABILAS 2 saplings,far,1,Phyllodoce/Vaccinium/Cassiope,PVC,phy/vac/cas,1668.5,5,1,TM,1.8,8,5,TM-8,175,75,,1,10,15,15,0.5,,,0.5,,,,,,,,,,,,,,,,,,,,,,,,,,,,,,,,,,,,,,,,,,10,,,,,,,,15,,10,,,,,,,,,,,,,,,,,,,
02-Aug,TM,"TM, NK, CW ",At least one individual near this transect (far) was Vac. delic - see https://inaturalist.ca/observations/177010394 and Tricky garibaldi plants,far,1,Phyllodoce/Vaccinium/Cassiope,PVC,phy/vac/cas,1668.5,5,1,TM,1.8,8,6,TM-8,176,76,,1,5,10,5,,,,0.5,,,,,,,,,,,,,,,,,,,,,,,,,,,,,,,,,,,,,,,,,,20,,,,,,,,10,,5,,,,,,,,,,,,,,,,,,,
02-Aug,TM,"TM, NK, CW ",,far,1,Phyllodoce/Vaccinium/Cassiope,PVC,phy/vac/cas,1668.5,5,1,TM,1.8,8,7,TM-8,177,77,,5,25,45,15,,,,,,,,,,,,,,,,,,,,,,,,,,,,,,,,,,,,,,,,,,,,,,25,,,,,,,,15,,20,,,,,,,,,,,,,,,,,,,
02-Aug,TM,"TM, NK, CW ",,far,1,Phyllodoce/Vaccinium/Cassiope,PVC,phy/vac/cas,1668.5,5,1,TM,1.8,8,8,TM-8,178,78,,15,30,50,25,,,,,,,,,,,,,,,,,,,,,,,,,,,,,,,,,,,,,,,,,,,,,,25,,,,,,,,5,,15,,,,,,,,,,,,,,,,,,,
02-Aug,TM,"TM, NK, CW ",,far,1,Phyllodoce/Vaccinium/Cassiope,PVC,phy/vac/cas,1668.5,5,1,TM,1.8,8,9,TM-8,179,79,,5,20,30,25,,,,,,,,,,,,,,,,,,,,,,,,,,,,,,,,,,,,,,,,,,,,,,45,,,,,,,,,,,,,,,,,,,,,,,,,,,,,
02-Aug,TM,"TM, NK, CW ","TSUMER overhanging, rooted outside of quadrat",far,1,Phyllodoce/Vaccinium/Cassiope,PVC,phy/vac/cas,1668.5,5,1,TM,1.8,8,10,TM-8,180,80,,,15,5,20,,,,,,,,,,,,,,,,,,20,,,,,,,,,,,,,,,,,,,,,,,,,,,,60,,,,,,,,,,,,,,,,,,,,,,,,,,,,,
03-Aug,AD,"AD, PE, CW",some rocks and litter,near,0,Phyllodoce/Vaccinium,PV,vac/phy,1698.2,8,2,BT,2.9,9,1,BT-9,41,81,,5,10,,10,,,,,,,,,,,,,,,,,,,,,,,,,,,,,,,,,,,,,,,,,,,,,50,,,5,,,,,,,,,,,,,,,1,,,,,,,,,,,,
03-Aug,AD,"AD, PE, CW",,near,0,Phyllodoce/Vaccinium,PV,vac/phy,1698.2,8,2,BT,2.9,9,2,BT-9,42,82,,1,5,,,,,,,,,,0.5,,,,,,,,,,,,,,,,,,,,,,,,,,,,,,,,,,,,,90,,,5,,,,,,,,,,,,,,,,,,,,,,,,,,,
03-Aug,AD,"AD, PE, CW",,near,0,Phyllodoce/Vaccinium,PV,vac/phy,1698.2,8,2,BT,2.9,9,3,BT-9,43,83,,10,10,,,,0.5,,,,,,0.5,,,,,,,,,,,,,,,,,,,,,,,,,,,,,,,,,,,,,70,,,,,,,,,,,,,,,,,,,,,,,,,,,,,,
03-Aug,AD,"AD, PE, CW",,near,0,Phyllodoce/Vaccinium,PV,vac/phy,1698.2,8,2,BT,2.9,9,4,BT-9,44,84,,15,10,,,,0.5,,,,,,0.5,,,,,,,,,,,,,,,,,,,,,,,,,,,,,,,,,,,,,60,,,1,,,,,,,,,,,,,,,,,,,,,,,,,,,
03-Aug,AD,"AD, PE, CW",,near,0,Phyllodoce/Vaccinium,PV,vac/phy,1698.2,8,2,BT,2.9,9,5,BT-9,45,85,,25,15,,,,1,,0.5,,,,0.5,,,,,,1,,,,,,,,,,,,,,,,,,,,,,,,,,,,,,,40,,,1,,,,,,,,,,,,,,,,,,,,,,,,,,,
03-Aug,AD,"AD, PE, CW",,near,0,Phyllodoce/Vaccinium,PV,vac/phy,1698.2,8,2,BT,2.9,9,6,BT-9,46,86,,15,20,,10,,,,0.5,,,,,,,,,,,,,,,,,,,,,,,,,,,,,,,,,,,,,,,,,30,,,0.5,,,,,,,,,,,,,,,,,1,,,,,,,,,,
03-Aug,AD,"AD, PE, CW",DIPA was starred (unsure what/why),near,0,Phyllodoce/Vaccinium,PV,vac/phy,1698.2,8,2,BT,2.9,9,7,BT-9,47,87,,10,15,,15,,,,,,,,,,,,,,,,,,,,,,,,,,,,,,,,,,,,,,,,,,,,,30,,,,,,,,,,,5,,,,,,,0.5,,,0.5,,,,,,,,,
03-Aug,AD,"AD, PE, CW",DIPA was starred (unsure what/why),near,0,Phyllodoce/Vaccinium,PV,vac/phy,1698.2,8,2,BT,2.9,9,8,BT-9,48,88,,15,15,,10,,,,,,,,,,,,,,,,,,,,,,,,,,,,,,,,,,,,,,,,,,,,,30,,,,,,,,,,,1,,,,,,,,,,0.5,,,,,,,,,
03-Aug,AD,"AD, PE, CW",,near,0,Phyllodoce/Vaccinium,PV,vac/phy,1698.2,8,2,BT,2.9,9,9,BT-9,49,89,,20,15,,15,,,,,,,,,,,,,,,,,,,,,,,,,,,,,,,,,,,,,,,,,,,,,15,,,,,,,,,,,1,,,,,,,0.5,,,,,,,,,,,,
03-Aug,AD,"AD, PE, CW",,near,0,Phyllodoce/Vaccinium,PV,vac/phy,1698.2,8,2,BT,2.9,9,10,BT-9,50,90,,5,10,,20,,,,0.5,,,,0.5,,,,,,,,,,,,,,,,,,,,,,,,,,,,,,,,,,,,,35,,,,,,,,,,,,,,,,,,0.5,,,,,,,,,,,,
03-Aug,TM,"TM, NK, CW",,far,1,Phyllodoce/Vaccinium,PV,vac/phy,1698.2,9,2,BT,2.1,10,1,BT-10,181,91,,,30,,15,,,,,,,,,,,,,,,,,,,,,,,,,,,,,,,,,,,,,,,,,,,,,,80,,,,,0.5,,,,,5,,,,,,,,,,,,,,,0.5,,,,
03-Aug,TM,"TM, NK, CW",,far,1,Phyllodoce/Vaccinium,PV,vac/phy,1698.4,9,2,BT,2.1,10,2,BT-10,182,92,,,25,,10,,,,0.5,,,,,,,,,,,,,,,,,,,,,,,,,,,,,,,,,,,,,,,,,,80,,,,,,,,,,1,,,,,,,,1,,0.5,,,,,,,,,
03-Aug,TM,"TM, NK, CW",,far,1,Phyllodoce/Vaccinium,PV,vac/phy,1698.4,9,2,BT,2.1,10,3,BT-10,183,93,,,15,,20,,,,,,,,,,,,,,,,,,,,,,,,,,,,,,,,,,,,,,,,,,,,,,60,,,,,1,,,,,1,,,,,,,,5,,1,,,,,,,,,
03-Aug,TM,"TM, NK, CW",,far,1,Phyllodoce/Vaccinium,PV,vac/phy,1698.4,9,2,BT,2.1,10,4,BT-10,184,94,,1,10,,30,,,,,,,,,,0.5,,,,0.5,,,,,,,,,,,,,,,,,,,,,,,,,,,,,,,,60,,,,,,,,,0.5,5,,,,,,,,,,,,,,,,,,,
03-Aug,TM,"TM, NK, CW",,far,1,Phyllodoce/Vaccinium,PV,vac/phy,1698.4,9,2,BT,2.1,10,5,BT-10,185,95,,5,5,,20,,0.5,,,,,,,,0.5,0.5,,,5,,,,,,,,,,,,,,,,,,,,,,,,,,,,,,,,,,,,,,,,,,5,,,,,,,,,,,,,,,,,,,
03-Aug,TM,"TM, NK, CW",,far,1,Phyllodoce/Vaccinium,PV,vac/phy,1698.4,9,2,BT,2.1,10,6,BT-10,186,96,,1,35,,15,,,,,,,,,,0.5,1,,,0.5,,,,,,,,,,,,,,,,,,,,,,,,,,,,,,,,70,,,,,,,,,,0.5,,,,,,,,,,,,,,,,,,,
03-Aug,TM,"TM, NK, CW",,far,1,Phyllodoce/Vaccinium,PV,vac/phy,1698.4,9,2,BT,2.1,10,7,BT-10,187,97,,0.5,45,,1,,,,,,,,,,,,,,,,,,,,,,,,,,,,,,,,,,,,,,,,,,,,,,80,,,,,,,,,,0.5,,,0.5,,,,,,,,,,,,,,,,
03-Aug,TM,"TM, NK, CW",,far,1,Phyllodoce/Vaccinium,PV,vac/phy,1698.4,9,2,BT,2.1,10,8,BT-10,188,98,,1,40,,5,,,,,,,,0.5,,,,,,,,,,,,,,,,,,,,,,,,,,,,,,,,,,,,,,70,,,,,,,,,,1,,,1,,,,,,,,,,,,,,,,
03-Aug,TM,"TM, NK, CW",,far,1,Phyllodoce/Vaccinium,PV,vac/phy,1698.4,9,2,BT,2.1,10,9,BT-10,189,99,,1,30,,15,,,,,,,,,,,,,,,,,,,,,,,,,,,,,,,,,,,,,,,,,,,,,,60,,,,,,,,,,10,,,,,,,,,,,,,,,,,,,
03-Aug,TM,"TM, NK, CW","unidentified bryophyte species, too decayed to identify (<1)",far,1,Phyllodoce/Vaccinium,PV,vac/phy,1698.4,9,2,BT,2.1,10,10,BT-10,190,100,,1,10,,5,,,,,,,,,,,,,,,,,,,,,,,,,,,,,,,,,,,,,,,,,,,,,,70,,,,,,,,,,1,,,,,,,,,,,,,,,,,,,
26-Jul,ND,"TM, PE, ND",,near,0,Phyllodoce/Vaccinium,PV,phy/vac,1723.8,9,2,BT,2.11,11,1,BT-11,51,101,,0.5,10,,50,,,,,,,,0.5,,,,,,,,,,,,,,,,,,,,,,,,,,,,,,,,,,5,,,5,1,,,,,,,,,,,,,,,,,,,,,,,,,,,,,
26-Jul,ND,"TM, PE, ND",,near,0,Phyllodoce/Vaccinium,PV,phy/vac,1723.8,6,2,BT,2.11,11,2,BT-11,52,102,,,20,,30,,,,,,,,,,,0.5,,,,,,,,,,,,,,,,,,,,,,,,,,,,,,,5,,,10,5,,,,,,,,,,,,,,,,,,,,,,,,,,,,,
26-Jul,ND,"TM, PE, ND",,near,0,Phyllodoce/Vaccinium,PV,phy/vac,1723.8,6,2,BT,2.11,11,3,BT-11,53,103,,,15,,25,,,,,,,,,,0.5,,,,,,,,,,,,,,,,,,,,,,,,,,,,,,,,,,,20,10,,,,,,,,,,,,,,,,,,,,,0.5,,,,,,,,
26-Jul,ND,"TM, PE, ND",,near,0,Phyllodoce/Vaccinium,PV,phy/vac,1723.8,6,2,BT,2.11,11,4,BT-11,54,104,,,5,,25,,,,,,,,0.5,,0.5,,,,,,,,,,,,,,,,,,,,,,,,,,,,,,,,,,,60,1,,,,,,,,,,,,,,,,,,,,,0.5,,,,,,,,
26-Jul,ND,"TM, PE, ND",,near,0,Phyllodoce/Vaccinium,PV,phy/vac,1723.8,6,2,BT,2.11,11,5,BT-11,55,105,,,5,,,,,,,,,,,,,,,,,,,,,,,,,,,,,,,,,,,,,,,,,,,,,,,80,1,10,,,,,,,,,,,,,,,,,,,,,,,,,,,,
26-Jul,ND,"TM, PE, ND",,near,0,Phyllodoce/Vaccinium,PV,phy/vac,1723.8,6,2,BT,2.11,11,6,BT-11,56,106,,,10,,5,,,,,,,,1,,,,,,,,,,,,,,,,,,,,,,,,,,,,,,,,,,,,,5,0.5,70,,,,,,,,,,,,,,,,,,,,,,,,,,,,
26-Jul,ND,"TM, PE, ND",ABILAS 1 individual,near,0,Phyllodoce/Vaccinium,PV,phy/vac,1723.8,6,2,BT,2.11,11,7,BT-11,57,107,,,5,,10,25,,,,,,,,,,,,,,,,,,,,,,,,,,,,,,,,,,,,,,,,,,,,30,1,40,,,,,,,,,,,,,,,,,,,,,,,,,,,,
26-Jul,ND,"TM, PE, ND",,near,0,Phyllodoce/Vaccinium,PV,phy/vac,1723.8,6,2,BT,2.11,11,8,BT-11,58,108,,,5,,5,1,,,,,,,,,,,,,,,,,,,,,,,,,,,,,,,,,,,,,,,,,,,,50,10,5,,,,,,,,,,,,,,,,,,,,,,,,,,,,
26-Jul,ND,"TM, PE, ND",,near,0,Phyllodoce/Vaccinium,PV,phy/vac,1723.8,6,2,BT,2.11,11,9,BT-11,59,109,,,5,,5,,,,,,,,,,,,,,,,,,,,,,,,,,,,,,,,,,,,,,,,,,,,,70,20,10,,,,,,,,,,,,,,,,,,,,0.5,,,,,,,,
26-Jul,ND,"TM, PE, ND",ABILAS 1 sapling,near,0,Phyllodoce/Vaccinium,PV,phy/vac,1723.8,6,2,BT,2.11,11,10,BT-11,60,110,,,40,,,70,,0.5,,,,,,,1,,,,,,,,,,,,,,,,,,,,,,,,,,,,,,,10,,,,5,80,,,,,,,,,,,,,,,,,,,,,,,,,,,,,
26-Jul,SW,"NH, confirmation by TM in a couple of instances",some disturbance by trampling/slope processes,far,1,Phyllodoce/Vaccinium,PV,phy/vac,1722,17,2,BT,2.12,12,1,BT-12,191,111,,,10,,15,,,0.5,,,,,,,,,,,,,,,,,,,,,,,,,,,,,,,,,,,,,,,,,70,,,,,,,,,,,,,,,,,,,,,,,0.5,,,,,,,,
26-Jul,SW,"NH, confirmation by TM in a couple of instances",some disturbance by trampling/slope processes,far,1,Phyllodoce/Vaccinium,PV,phy/vac,1722,17,2,BT,2.12,12,2,BT-12,192,112,,,25,,40,,,,,,,,,,10,,,,,,,,,,,,,,,,,,,,,,,,,,,,,,,,,,25,,,,,,,,,,,,,,,,,,,,,,,,,,,,,,,
26-Jul,SW,"NH, confirmation by TM in a couple of instances","ABILAS 2 saplings/ some cryptogamic crust, some disturbance by trampling/slope processes",far,1,Phyllodoce/Vaccinium,PV,phy/vac,1722,17,2,BT,2.12,12,3,BT-12,193,113,,,20,,60,5,,,,,,,,,,,,,,,,,,,,,,,,,,,,,,,,,,,,,,,,,,,20,,,,,,,,,,,,,,,,,,,,,,,,,,,,,,,
26-Jul,SW,"NH, confirmation by TM in a couple of instances","ABILAS 1 sapling, some disturbance by trampling/slope processes",far,1,Phyllodoce/Vaccinium,PV,phy/vac,1722,17,2,BT,2.12,12,4,BT-12,194,114,,,20,,80,5,,,,,,,,,,,,,5,,,,,,,,,,,,,,,,,,,,,,,,,,,,,,15,,,,,,,,,,,,,,,,,,,,,,,,,,,,,,,
26-Jul,SW,"NH, confirmation by TM in a couple of instances",,far,1,Phyllodoce/Vaccinium,PV,phy/vac,1722,17,2,BT,2.12,12,5,BT-12,195,115,,,15,,25,,,0.5,,0.5,,,0.5,,,20,,,,,,,,,,,,,,,,,,,,,,,,,,,,,,,,,60,,,,,,,,,,,,,,,,,,,,,,,,,,,,,,,
26-Jul,SW,"NH, confirmation by TM in a couple of instances",ABILAS 2 saplings,far,1,Phyllodoce/Vaccinium,PV,phy/vac,1722,17,2,BT,2.12,12,6,BT-12,196,116,,,30,,,10,,,,,,,0.5,,5,5,,,1,,,,,,,,,,,,,,,,,,,,,,,,,,,,,,45,,,,,,,,,,,,,,,,,,,,,,,0.5,,,,,,,,
26-Jul,SW,"NH, confirmation by TM in a couple of instances",ABILAS 1 sapling & 1 branch,far,1,Phyllodoce/Vaccinium,PV,phy/vac,1722,17,2,BT,2.12,12,7,BT-12,197,117,,,45,,,20,,,,,,,,,15,1,,,1,,,,,,,,,,,,,,,,,,,,,,,,,,,,,,15,,,,,,,,,,,,,,,,,,,,,,,,,,,,,,,
26-Jul,SW,"NH, confirmation by TM in a couple of instances",ABILAS 4 saplings & branches,far,1,Phyllodoce/Vaccinium,PV,phy/vac,1722,17,2,BT,2.12,12,8,BT-12,198,118,,,15,,,80,,,,,,,,,10,,,,1,,,,,,,,,,,,,,,,,,,,,,,,,,,,,,10,,,,,,,,,,,,,,,,,,,,,,,,,,,,,,,
26-Jul,SW,"NH, confirmation by TM in a couple of instances",ABILAS 6 saplings & branches,far,1,Phyllodoce/Vaccinium,PV,phy/vac,1722,17,2,BT,2.12,12,9,BT-12,199,119,,,60,,,60,,,,,,,,,,5,,,,,,,,,,,,,,,,,,,,,,,,,,,,,,,,,15,,,,,,,,,,,,,,,,,,,,,,,,,,,,,,,
26-Jul,SW,"NH, confirmation by TM in a couple of instances",ABILAS 7 saplings,far,1,Phyllodoce/Vaccinium,PV,phy/vac,1722,17,2,BT,2.12,12,10,BT-12,200,120,,,40,,,60,,,,,,,,,,,,,,,,,,,,,,,,,,,,,,,,,,,,,,,,,,,10,,,,,,,,,,,,,,,,,,,,,,,0.5,,,,,,,,
26-Jul,"TM, NH (moss revisions)","NH, confirmation by TM in a couple of instances; NH, CW returned to confirm mosses on Aug 02",* CW returned with NH on Aug 3 to id mosses; soil is disturbed,near,0,Vaccinium/Cassiope/Carex,VCC,cas/vac/car,1740.2,12,2,BT,2.13,13,1,BT-13,61,121,,10,10,,,,,0.5,,,,,5,,,1,,,0.5,,,,,,,,,,,,,,,,,,,,,,,,,,,,,,,70,,,,,,,,,,,,,,,,,,,,,,,0.5,,,,,,,
26-Jul,"TM, NH (moss revisions)","NH, confirmation by TM in a couple of instances; NH, CW returned to confirm mosses on Aug 03",ABILAS 1 individual (probably seedling),near,0,Vaccinium/Cassiope/Carex,VCC,cas/vac/car,1740.2,12,2,BT,2.13,13,2,BT-13,62,122,,10,5,,,0.5,,1,,,,,1,,,,,,1,,,,,,,,,,,,,,,,,,,,,,,,,,,,,,,90,,,,,,,1,,,,,,,,,,,,,,,,,0.5,0.5,,,,,
26-Jul,NH,"NH, confirmation by TM in a couple of instances; NH, CW returned to confirm mosses on Aug 04",plot is overlapping with quadract 2 (bent transect tape),near,0,Vaccinium/Cassiope/Carex,VCC,cas/vac/car,1740.2,12,2,BT,2.13,13,3,BT-13,63,123,,10,15,,,,,0.5,,,,,1,,,0.5,,,,,,,,,,,,,,,,,,,,,,,,,,,,,,,,,,70,,,,,,,0.5,,,,,,,,,,,,,,,,,,,0.5,,,,
26-Jul,NH,"NH, confirmation by TM in a couple of instances; NH, CW returned to confirm mosses on Aug 05",SOIL some litter cover,near,0,Vaccinium/Cassiope/Carex,VCC,cas/vac/car,1740.2,12,2,BT,2.13,13,4,BT-13,64,124,,15,15,,,,,0.5,,,,,5,,1,5,,,,,,0.5,,,,,,,,,,,,,,,,,,,,,,,,,,,,35,,,,,,,,,,,,,,,,,,,,,,,,,,,,,,
26-Jul,NH,"NH, confirmation by TM in a couple of instances; NH, CW returned to confirm mosses on Aug 06",ABILAS 1 seedling,near,0,Vaccinium/Cassiope/Carex,VCC,cas/vac/car,1740.2,12,2,BT,2.13,13,5,BT-13,65,125,,15,15,,,0.5,,0.5,,,,,5,,,0.5,,,,,,,,,,,,,,,,,,,,,,,,,,,,,,,,,,25,10,,,,,,,,,,,,,,,,,,,,,,,,,,,,,
26-Jul,NH,"NH, confirmation by TM in a couple of instances; NH, CW returned to confirm mosses on Aug 07",ABILAS 2 saplings,near,0,Vaccinium/Cassiope/Carex,VCC,cas/vac/car,1740.2,12,2,BT,2.13,13,6,BT-13,66,126,,30,15,60,,30,,,,,,,,,,5,,,0.5,,,,,,,,,,,,,,,,,,,,,,,,,,,,,,,45,,,,,,,0.5,,,,,,,,,,,,,,,,,,,,,,,
26-Jul,NH,"NH, confirmation by TM in a couple of instances; NH, CW returned to confirm mosses on Aug 08",ABILAS 8 saplings,near,0,Vaccinium/Cassiope/Carex,VCC,cas/vac/car,1740.2,12,2,BT,2.13,13,7,BT-13,67,127,,35,15,0.5,,10,,,,,,,1,,,5,,,1,,,,,,,,,,,,,,,,,,,,,,,,,,,,,,,20,,,,,,,,,,,,,,,,,,,,,,,,,,,,,,
26-Jul,NH,"NH, confirmation by TM in a couple of instances; NH, CW returned to confirm mosses on Aug 09",ABILAS 1 sapling,near,0,Vaccinium/Cassiope/Carex,VCC,cas/vac/car,1740.2,12,2,BT,2.13,13,8,BT-13,68,128,,10,5,30,,5,,,,,,,0.5,,,,,,1,,,0.5,,,,,,,,,,,,,,,,,,,,,,,,,,,,50,,,,,,,,,,,,,,,,,,0.5,,,,,,,,,,,,
26-Jul,NH,"NH, confirmation by TM in a couple of instances; NH, CW returned to confirm mosses on Aug 10",ABILAS 2 saplings,near,0,Vaccinium/Cassiope/Carex,VCC,cas/vac/car,1740.2,12,2,BT,2.13,13,9,BT-13,69,129,,1,5,70,,1,,,,,,,1,,1,1,,,5,,,,,,,,,,,,,,,,,,,,,,,,,,,,,,,20,,,,,,,,,,,,,,,,,,,,,,,,,,,,,,
26-Jul,NH,"NH, confirmation by TM in a couple of instances; NH, CW returned to confirm mosses on Aug 11",ABILAS 2 seedlings & 2 saplings & 1 overhanging SOIL has litter,near,0,Vaccinium/Cassiope/Carex,VCC,cas/vac/car,1740.2,12,2,BT,2.13,13,10,BT-13,70,130,,5,30,45,,35,,0.5,,0.5,,,0.5,,5,0.5,,,10,,,,,,,,,,,,,,,,,,,,,,,,,,,,,,,15,,,,,,,0.5,,,,,,,,,,,,,,,,,,,,,,,
26-Jul,"TM, NH (moss revisions)","TM, PE, CW","* CW returned with NH, Aug 3 to id mosses; racomitrium species name, we can not read!",far,1,Vaccinium/Cassiope/Carex,VCC,cas/phy/vac,1742.7,21,2,BT,2.14,14,1,BT-14,201,131,,1,1,25,0.5,15,,0.5,,,,,,,5,10,,,1,,,,,,,,,,,,5,,,,,,,,,,,,,,,,,,,,25,,1,0.5,,,0.5,,,,1,,,5,,,,,,,,,,,,,,,,
26-Jul,"TM, NH (moss revisions)","TM, PE, CW",,far,1,Vaccinium/Cassiope/Carex,VCC,cas/phy/vac,1742.7,21,2,BT,2.14,14,2,BT-14,202,132,,,1,50,50,,,,,,,,0.5,,,0.5,,,1,,,,,,,,,,,,,,,,,,,,,,,,,,,,,,,,,,,,,,,,,,,,,,,,,,,,,,,,,,,,,
26-Jul,"TM, NH (moss revisions)","TM, PE, CW",,far,1,Vaccinium/Cassiope/Carex,VCC,cas/phy/vac,1742.7,21,2,BT,2.14,14,3,BT-14,203,133,,,1,1,90,,,,,,,,,,1,,,,1,,,,,,,,,,,,,,,,,,,,,,,,,,,,,,,,,,,,,,,,,,,,,,,,,,,,,,,,,,,,,
26-Jul,"TM, NH (moss revisions)","TM, PE, CW",,far,1,Vaccinium/Cassiope/Carex,VCC,cas/phy/vac,1742.7,21,2,BT,2.14,14,4,BT-14,204,134,,1,5,15,25,,0.5,,,,,,,,1,0.5,,,0.5,,,,,,,,,,,,,,,,,,,,,,,,,,,,,,,10,10,,,,,,,,,,1,,,1,,,,,1,,,,,,,,,,,
26-Jul,"TM, NH (moss revisions)","TM, PE, CW",,far,1,Vaccinium/Cassiope/Carex,VCC,cas/phy/vac,1742.7,21,2,BT,2.14,14,5,BT-14,205,135,,1,1,70,,,,,,,,,,,5,0.5,,,0.5,,,,,,,,,,,,,,,,,,,,,,,,,,,,,,,5,10,,,,,,,,,,,,,,,,,,,,,,,,,,,,,
26-Jul,"TM, NH (moss revisions)","TM, PE, CW",ABILAS 4 saplings,far,1,Vaccinium/Cassiope/Carex,VCC,cas/phy/vac,1742.7,21,2,BT,2.14,14,6,BT-14,206,136,,1,5,70,,0.5,,,,,,,0.5,,1,1,,,0.5,,,0.5,,,,,,,,,,,,,,,,,,,,,,,,,,,,5,5,,,,,,,,,,,,,,,,,,,,,,,,,,,,,
26-Jul,"TM, NH (moss revisions)","TM, PE, CW",ABILAS 6 saplings,far,1,Vaccinium/Cassiope/Carex,VCC,cas/phy/vac,1742.7,21,2,BT,2.14,14,7,BT-14,207,137,,1,15,40,,5,,,,,,,0.5,,,1,,,0.5,,,0.5,,,,,,,,,,,,,,,,,,,,,,,,,,,,10,10,,,2,,,1,,,,,,,,,,,,,,,,,,,,,,,
26-Jul,"TM, NH (moss revisions)","TM, PE, CW",ABILAS 3 saplings,far,1,Vaccinium/Cassiope/Carex,VCC,cas/phy/vac,1742.7,21,2,BT,2.14,14,8,BT-14,208,138,,0.5,10,10,,1,0.5,,,,,,0.5,,10,0.5,,,0.5,,,,,,,,,,,,,,,,,,,,,,,,,,,,,,,10,,,1,0.5,,,0.5,,,,,,,,,,,1,,,,,,,,,,,,
26-Jul,"TM, NH (moss revisions)","TM, PE, CW",ABILAS 10 saplings,far,1,Vaccinium/Cassiope/Carex,VCC,cas/phy/vac,1742.7,21,2,BT,2.14,14,9,BT-14,209,139,,5,25,,,10,0.5,,,0.5,,,,,,0.5,,,,,,,,,,,,,,,,,,,,,,,,,,,,,,,,,,,35,,,0.5,,,0.5,,,,,,,,,,,,,,,0.5,,,,1,,,,
26-Jul,"TM, NH (moss revisions)","TM, PE, CW",ABILAS 6 saplings,far,1,Vaccinium/Cassiope/Carex,VCC,cas/phy/vac,1742.7,21,2,BT,2.14,14,10,BT-14,210,140,,1,20,10,,10,0.5,,,0.5,,,,,,1,,,,,,0.5,,,,,,,,,,,,,,,,,,,,,,,,,,,,10,30,,,0.5,,1,0.5,,,,,,,,,,,,,,,0.5,,,,,,,,
26-Jul,TM,"TM, PE",* moss is very sad and crusty :(,near,0,Phyllodoce/Cassiope,PC,car/phy/cas,1983.2,12,2,BT,2.15,15,1,BT-15,71,141,,1,,1,,,,,,,,,,,,,,,,,,,,,,,,,,,,,,,,,,,,,,,,,,,,,,60,,30,,,,,,,,,,,,,,,,,,,,,,,,,,,,
26-Jul,TM,"TM, PE",,near,0,Phyllodoce/Cassiope,PC,car/phy/cas,1983.2,12,2,BT,2.15,15,2,BT-15,72,142,,0.5,,1,,,,,,,,,,,,,,,,,,,,,,,,,,,,,,,,,,,,,,,,,,,,,,50,5,35,,,,,,,,,,,,,,,,,,,,,,,,,,,,
26-Jul,TM,"TM, PE",,near,0,Phyllodoce/Cassiope,PC,car/phy/cas,1983.2,12,2,BT,2.15,15,3,BT-15,73,143,,,,,,,,,,,,,,,,,0.5,,,,,,,,,,,,,,,,,,,,,,,,,,,,,,,,,60,,30,,,,,,,,,,,,,,,,,,,,,,,,,5,,,
26-Jul,TM,"TM, PE",,near,0,Phyllodoce/Cassiope,PC,car/phy/cas,1983.2,12,2,BT,2.15,15,4,BT-15,74,144,,1,,0.5,,,,,,,,,,,,,0.5,,,,,,,,,,,,,0.5,,,,,,,,,,,,,,,,0.5,,,,20,,60,,,,,,,,,,,,,,,,,,,,,,,,,,,,
26-Jul,TM,"TM, PE",,near,0,Phyllodoce/Cassiope,PC,car/phy/cas,1983.2,12,2,BT,2.15,15,5,BT-15,75,145,,,,1,,,,,,,,,,,,,,,,,,,,,,,,,,,,,,,,,,,,,,,,,,1,,,,40,,50,,,,,,,,,,,,,,,,,,,,,,,,,,,,
26-Jul,TM,"TM, PE",,near,0,Phyllodoce/Cassiope,PC,car/phy/cas,1983.2,12,2,BT,2.15,15,6,BT-15,76,146,,1,,0.5,,,,,,,,,,,,,0.5,,,,,,,,,,,,,,,,,,,,,,,,,,,,,0.5,,,,20,,80,,,,,,,,,,,,,,,,,,,,,,,,,,,,
26-Jul,TM,"TM, PE",,near,0,Phyllodoce/Cassiope,PC,car/phy/cas,1983.2,12,2,BT,2.15,15,7,BT-15,77,147,,5,,5,,,,,,,,,,,,,0.5,,,,,,,,,,,,,,,,,,,,,,,,,,,,,,,,,25,,35,,,,,,,,,,,,,,,,,,,,,,,,,,,,
26-Jul,TM,"TM, PE",,near,0,Phyllodoce/Cassiope,PC,car/phy/cas,1983.2,12,2,BT,2.15,15,8,BT-15,78,148,,0.5,,1,,0.5,,,,,,,,,,,5,,,,,,,,,,,,,,,,,,,,,,,,,,,,,,,,,40,,25,,,,,,,,,,,,,,,,,,,,,,,,,,,,
26-Jul,TM,"TM, PE",,near,0,Phyllodoce/Cassiope,PC,car/phy/cas,1983.2,12,2,BT,2.15,15,9,BT-15,79,149,,1,,1,,,,,,,,,,,,,1,,,,,,,,,,,,,,,,,,,,,,,,,,,,,,,,,25,,40,,,,,,,,,,,,,,,,,,,,,,,,,,,,
26-Jul,TM,"TM, PE",,near,0,Phyllodoce/Cassiope,PC,car/phy/cas,1983.2,12,2,BT,2.15,15,10,BT-15,80,150,,0.5,,,,,,,,,,,,,,,,,,,,,,,,,,,,,,,,,,,,,,,,,,,,,,,,60,,30,,,,,,,,,,,,,,,,,,,,,,,,,,,,
26-Jul,TM,"TM, PE",,far,1,Phyllodoce/Cassiope,PC,phy,1983.1,25,2,BT,2.16,16,1,BT-16,211,151,,5,,25,,25,,,,,,,,,,,,,,,,,,,,,,,,,,,,,,,,,,,,,,,,,,,,,25,20,,1,,,,,,,,,,1,,,,,,,,,,,,,,10,,
26-Jul,TM,"TM, PE",,far,1,Phyllodoce/Cassiope,PC,phy,1983.1,25,2,BT,2.16,16,2,BT-16,212,152,,0.5,,30,,50,,,,,,,,,,,10,,,,,,,,,,,,,0.5,,,,,,,,,,,,,,,,1,0.5,,,,10,25,,,,,,,,,,,,,,,,,,,,,,,,,,1,,
26-Jul,TM,"TM, PE",,far,1,Phyllodoce/Cassiope,PC,phy,1983.1,25,2,BT,2.16,16,3,BT-16,213,153,,0.5,,,,10,,,,,,,,,,,5,,,,,,,,,,,,,0.5,,,,,,,,,,,,,,,,0.5,,,,,5,90,,,,,,,,,,,,,,,,,,,,,,,,,,,1,
26-Jul,TM,"TM, PE",,far,1,Phyllodoce/Cassiope,PC,phy,1983.1,25,2,BT,2.16,16,4,BT-16,214,154,,0.5,,,,,,,,,,,,,,,10,,,,,,,,,,,,,0.5,,,,,,,,,,,,,,,,5,,,,20,,35,,,,,,,,,,,,,,,,,,,,,,,,,,,,
26-Jul,TM,"TM, PE",,far,1,Phyllodoce/Cassiope,PC,phy,1983.1,25,2,BT,2.16,16,5,BT-16,215,155,,0.5,,,,1,,,,,,,,,,,25,,,,,,,,,,,,,,,,,,,,,,,,,,,,,5,,,,,,50,,,,,,,,,,,,,,,,,,,,,,,,,,,,
26-Jul,TM,"TM, PE",,far,1,Phyllodoce/Cassiope,PC,phy,1983.1,25,2,BT,2.16,16,6,BT-16,216,156,,,,,,,,,,,,,,,,,0.5,,,,,,,,,,,,,,,,,,,,,,,,,,,,,0.5,0.5,,,,,95,,,,,,,,,,,,,,,,,,,,,,,,,,,,
26-Jul,TM,"TM, PE",,far,1,Phyllodoce/Cassiope,PC,phy,1983.1,25,2,BT,2.16,16,7,BT-16,217,157,,,,,,50,,,,,,,,,,,5,,,,,,,,,,,,,,,,,,,,,,,,,,,,,,,,,,1,60,,,,,,,,,,,,,,,,,,,,,,,,,,,,
26-Jul,TM,"TM, PE",,far,1,Phyllodoce/Cassiope,PC,phy,1983.1,25,2,BT,2.16,16,8,BT-16,218,158,,,,,,,,,,,,,,,,,15,,,,,,,,,,,,,,,,,,,,,,,,,,,,,5,,,,50,,25,,,,,,,,,,,,,,,,,,,,,,,,,,,,
26-Jul,TM,"TM, PE",,far,1,Phyllodoce/Cassiope,PC,phy,1983.1,25,2,BT,2.16,16,9,BT-16,219,159,,,,,,,,,,,,,,,,,10,,,,,,,,,,,,,0.5,,,,,,,,,,,,,,,,0.5,,,,40,,35,,,,,,,,,,,,,,,,,,,,,,,,,,,,
26-Jul,TM,"TM, PE",,far,1,Phyllodoce/Cassiope,PC,phy,1983.1,25,2,BT,2.16,16,10,BT-16,220,160,,,,,,0.5,,,,,,,,,,,30,,,,,,,,,,,,,,,,,,,,,,,,,,,,,0.5,,,,20,,25,,,,,,,,,,,,,,,,,,,,,,,,,,,,
27-Jul,ND,"NH, ND",ABILAS 2 seedlings/CARNIG is grp1 bi/many stones,near,0,Cassiope/Phyllodoce,CP,cas,1769.9,9,3,PR,3.17,17,1,PR-17,81,161,,10,,5,,0.5,0.5,,,,,,0.5,,,,,,,,0.5,,,,0.5,,,,,,,,,,,,,,,,,,,,0.5,,,90,,,,,,,,,,,,,,,,,,,,,,,,,,,,,,,,
27-Jul,ND,"NH, ND",many stones,near,0,Cassiope/Phyllodoce,CP,cas,1769.9,9,3,PR,3.17,17,2,PR-17,82,162,,5,,,,,,,,,,,,,,,,,,,,,,,,,,,,,,,,,,,,,,,,,,,,,,90,,,,,,,,,,,,,,,,,,,,,,,,,,,,,,,,
27-Jul,ND,"NH, ND",ABILAS 2 seedlings/ many stones,near,0,Cassiope/Phyllodoce,CP,cas,1769.9,9,3,PR,3.17,17,3,PR-17,83,163,,,,,,0.5,,,,,,,,,,,,,,,,,,,,,,,,,,,,,,,,,,,,,,,,,,100,,,,,,,,,,,,,,,,,,,,,,,,,,,,,,,,
27-Jul,ND,"NH, ND",many stones,near,0,Cassiope/Phyllodoce,CP,cas,1769.9,9,3,PR,3.17,17,4,PR-17,84,164,,10,,,,,,,,,,,,,,,,,,,,,,,,,,,,,,,,,,,,,,,,,,,,,,90,,,,,,,,,,,,,,,,,,,,,,,,,,,,,,,,0.5
27-Jul,ND,"NH, ND",,near,0,Cassiope/Phyllodoce,CP,cas,1769.9,9,3,PR,3.17,17,5,PR-17,85,165,,5,,1,,,0.5,,,,,,,,,,,,,,,0.5,,,10,,,,,,,,,,,,,,,,,,,,,5,,80,,,,,,,,,,,,,,,,,,,,,,,,,,,,,,,,
27-Jul,ND,"NH, ND",,near,0,Cassiope/Phyllodoce,CP,cas,1769.9,9,3,PR,3.17,17,6,PR-17,86,166,,10,,,,,1,,,,,,5,,,,,,,,,,,,1,,,,0.5,,,,,,,,,,,,,,,,,,,70,,,,,,,,,,,,,,,,,,,,,,,,,,,,,,,,
27-Jul,ND,"NH, ND",,near,0,Cassiope/Phyllodoce,CP,cas,1769.9,9,3,PR,3.17,17,7,PR-17,87,167,,15,,5,,,1,,,,,,25,,,,,,,,,,,,,,,,,,,,,,,,,,,,,,,,,,,35,,,,,,,,,,,,,,,,,,,,,,,,,,,,,,,,
27-Jul,ND,"NH, ND",big rock,near,0,Cassiope/Phyllodoce,CP,cas,1769.9,9,3,PR,3.17,17,8,PR-17,88,168,,10,,45,,,0.5,,,,,,5,,,,,,,,,0.5,,,5,,,,,,,,,,,,,,,,,,,,15,,,20,,,,,,,,,,,5,,,,,,,,,,,,,,,,,,,,,
27-Jul,ND,"NH, ND",,near,0,Cassiope/Phyllodoce,CP,cas,1769.9,9,3,PR,3.17,17,9,PR-17,89,169,,40,,,,,,,,,,,1,,,,,,,,,1,,,5,,,,,,,,,,,,,,,,,,,,5,,,50,,,,,,,,,,,,,,,,,,,,,,,,,,,,,,,,
27-Jul,ND,"NH, ND",,near,0,Cassiope/Phyllodoce,CP,cas,1769.9,9,3,PR,3.17,17,10,PR-17,90,170,,1,,,,,,,,,,,,,,,,,,,,,,,,,,,,,,,,,,,,,,,,,,,,,,95,,,,,,,,,,,,,,,,,,,,,,,,,,,,,,,,
27-Jul,TM,"TM, PE",ABILAS 11 tiny seedlings,far,1,Cassiope/Phyllodoce,CP,cas/phy,1769.9,9,3,PR,3.18,18,1,PR-18,221,171,,1,,5,1,0.5,0.5,,,,,,,0.5,0.5,,5,,,,0.5,,,,0.5,,0.5,,0.5,,,,,,,,,,,,,,,,20,15,,,,,1,,,,,,,,5,,,,,,,,,,,,,,,,,,,,,
27-Jul,TM,"TM, PE",ABILAS 4 tiny seedlings,far,1,Cassiope/Phyllodoce,CP,cas/phy,1769.9,9,3,PR,3.18,18,2,PR-18,222,172,,5,,30,5,0.5,0.5,,,,,,,,,,,,,,0.5,,,,0.5,,0.5,,,,,,,,,,,,,,,,,,,15,,,,,5,,,,,,,,1,,,,,,,,,,,,,,,,,,,,,
27-Jul,TM,"TM, PE",,far,1,Cassiope/Phyllodoce,CP,cas/phy,1769.9,9,3,PR,3.18,18,3,PR-18,223,173,,5,,20,5,,0.5,,,,,,,,,,,,,,0.5,,,,0.5,,,,,,,,,,,,,,,,,,,,,35,,,,,1,,,,,,0.5,,1,,,,,,,,,,,,,,,,,,,,,
27-Jul,TM,"TM, PE",ABILAS 6 tiny seedlings,far,1,Cassiope/Phyllodoce,CP,cas/phy,1769.9,9,3,PR,3.18,18,4,PR-18,224,174,,0.5,,5,15,0.5,0.5,0.5,0.5,,,,0.5,1,,,,,0.5,,0.5,0.5,,,0.5,,0.5,0.5,1,,,,,,,1,,,,,,,,,,15,,,,,0.5,,,,,,0.5,,1,,,,,,,,,,,,,,,,,,,,,
27-Jul,TM,"TM, PE",ABILAS 5 tiny seedlings,far,1,Cassiope/Phyllodoce,CP,cas/phy,1769.9,9,3,PR,3.18,18,5,PR-18,225,175,,1,,5,,0.5,1,1,0.5,,,,0.5,1,1,,,,,,0.5,0.5,,,0.5,0.5,0.5,0.5,5,,,,,,,0.5,,,,,,,,,,30,,,,,,,,,,,0.5,,10,,,,,,,,,,,,,,,,,,,,,
27-Jul,TM,"TM, PE",,far,1,Cassiope/Phyllodoce,CP,cas/phy,1769.9,9,3,PR,3.18,18,6,PR-18,226,176,,5,,10,10,,1,,,,,,0.5,1,1,,,,0.5,,0.5,,,,0.5,0.5,0.5,1,5,,,,,,,,,,,,,,,,,0.5,1,,,,,,,,,,0.5,,5,,,,,,,,,,,,,,,,,,,,,
27-Jul,TM,"NH, ND",,far,1,Cassiope/Phyllodoce,CP,cas/phy,1769.9,9,3,PR,3.18,18,7,PR-18,227,177,,10,,70,15,,1,,,,,,0.5,10,,,,,,,,,,,,,,,5,,,,,,,0.5,,,,,,,,,,,,,,,5,,,,,,,,,,,,,,,,,,,,,,,,,,,,,
27-Jul,TM,"NH, ND",,far,1,Cassiope/Phyllodoce,CP,cas/phy,1769.9,9,3,PR,3.18,18,8,PR-18,228,178,,15,,90,,,0.5,,,,,,,5,,,,,,,,,,,,,,1,1,,,,,,,,,,,,,,,,,5,,,,,1,,,,,,,,,,,,,,,,,,,,,,,,,,,,,
27-Jul,TM,"NH, ND",,far,1,Cassiope/Phyllodoce,CP,cas/phy,1769.9,9,3,PR,3.18,18,9,PR-18,229,179,,35,,40,15,,0.5,,,,,,0.5,,,,5,,,,,,,,,,,,,,,,,,,,,,,,,,,,,15,,,,,1,,,,,,,,,,,,,,,,,,,,,,,,,,,,,
27-Jul,TM,"NH, ND",ABILAS 2 seedlings,far,1,Cassiope/Phyllodoce,CP,cas/phy,1769.9,9,3,PR,3.18,18,10,PR-18,230,180,,15,,30,15,0.5,0.5,,,,,,,,,,10,,1,,,,,,,,,,,,,,,,,,,,,,,,,,,5,,,,,5,,,,,,,,,,,,,,,,,,,,,,,,,,,,,
27-Jul,TM,"TM, PE",,near,0,Carex/Phyllodoce/Cassiope,CPC,vac,1758.7,NA,3,PR,3.19,19,1,PR-19,91,181,,1,0.5,,0.5,,0.5,,,,,,,,,,,,,,1,,,,5,,,,,,,,,,,,,,,,,,,,,0.5,,,,80,10,,,,,,,,,,,,,,,,,,,,,,,,1,,,,,
27-Jul,TM,"TM, PE",,near,0,Carex/Phyllodoce/Cassiope,CPC,vac,1758.7,NA,3,PR,3.19,19,2,PR-19,92,182,,15,5,1,,,1,0.5,0.5,,,0.5,,,,,,,,,0.5,,,,1,,,,,,,,,,,,,,,,,,,,,0.5,,,,35,5,10,,,,,,,,,,,,,,,,,,,,,,,,,,,,
27-Jul,TM,"TM, PE",,near,0,Carex/Phyllodoce/Cassiope,CPC,vac,1758.7,NA,3,PR,3.19,19,3,PR-19,93,183,,45,5,1,5,,1,0.5,0.5,,,0.5,,,,,,,,,0.5,,,,1,,,,,,,,,,,,,,,,,,,,,0.5,,,,10,1,,,,,,,,,,,,,,,,,,,,,,,,,,,,,
27-Jul,TM,"TM, PE",,near,0,Carex/Phyllodoce/Cassiope,CPC,vac,1758.7,NA,3,PR,3.19,19,4,PR-19,94,184,,20,5,5,15,,0.5,,0.5,,,,10,,,,,,,,1,,,,5,,,,,,,,,,,,,,,,,,,,,,,,,15,0.5,,,,,,,,,,,,,,,,,,,,,,,,,,,,,
27-Jul,TM,"TM, PE",,near,0,Carex/Phyllodoce/Cassiope,CPC,vac,1758.7,NA,3,PR,3.19,19,5,PR-19,95,185,,5,0.5,0.5,,,1,,1,,,,5,,,,,,,,1,,,,10,,,,,,,,,,,,,,,,,,,,,0.5,,,,20,1,,,,,,0.5,,,,,,,,,,,,,,,,,,,,,,,
27-Jul,TM,"TM, PE",,near,0,Carex/Phyllodoce/Cassiope,CPC,vac,1758.7,NA,3,PR,3.19,19,6,PR-19,96,186,,1,,,,,0.5,,0.5,,,,,,,,,,,,5,,,,10,,,,,,,,,,,,,,,,,,,,,0.5,,,,35,5,,,,,,,,,,,,,,,,,,,,,,,,,,,,,
27-Jul,TM,"TM, PE",,near,0,Carex/Phyllodoce/Cassiope,CPC,vac,1758.7,NA,3,PR,3.19,19,7,PR-19,97,187,,0.5,,0.5,,,0.5,,0.5,,,0.5,,,,,,,,,0.5,,,,10,,,,,,,,,,,1,,,,,,,,,,5,,,,60,1,,,,,,,,,,,,,,,,,,,,,,,,,,,,,
27-Jul,TM,"TM, PE",,near,0,Carex/Phyllodoce/Cassiope,CPC,vac,1758.7,NA,3,PR,3.19,19,8,PR-19,98,188,,1,,0.5,,,0.5,,0.5,,,,,,,,,,,,0.5,,,,5,,,,,,,,,,,5,,,,,,,,,,1,,,,15,5,,,,,,,,,,,,,,,,,,,,,,,,,,,,,
27-Jul,TM,"TM, PE",,near,0,Carex/Phyllodoce/Cassiope,CPC,vac,1758.7,NA,3,PR,3.19,19,9,PR-19,99,189,,5,,,,,,0.5,0.5,,,,,1,,,,,,,0.5,,,,1,,,,,,,,,,,15,,,,,,,,,,5,1,,,15,0.5,,,,,,0.5,,,,,,,,,,,,,,,,,,,,,,,
27-Jul,TM,"TM, PE",,near,0,Carex/Phyllodoce/Cassiope,CPC,vac,1758.7,NA,3,PR,3.19,19,10,PR-19,100,190,,1,,0.5,,,,0.5,,,,,1,0.5,,,,,,,1,,,,10,,,,,,,,,,,1,,,,,,,,,,1,,,,20,0.5,,,,,,,,,,,,,,,,,,,,,,,,,,,,,
27-Jul,ND,"NH, ND",ABILAS 1 seedling,far,1,Carex/Phyllodoce/Cassiope,CPC,cas/vacc/phy/car,1758.3,2,3,PR,3.2,20,1,PR-20,231,191,,15,40,25,10,0.5,0.5,0.5,1,,,5,,,,,,,,,,,,,,,,,,,,,,,,,,,,,,,,,60,15,,,,1,,,,,,,,,,,,,,,,,,,,,,,,,,,,,,
27-Jul,ND,"NH, ND",,far,1,Carex/Phyllodoce/Cassiope,CPC,cas/vacc/phy/car,1758.3,2,3,PR,3.2,20,2,PR-20,232,192,,15,30,25,5,,0.5,0.5,0.5,,,5,,,,,,,,,,,,,,,,,,,,,,,,,,,,,,,,,40,10,,,,15,,,,,,,,,,,,,,,,,,,,,,,,,,,,,,
27-Jul,ND,"NH, ND",,far,1,Carex/Phyllodoce/Cassiope,CPC,cas/vacc/phy/car,1758.3,2,3,PR,3.2,20,3,PR-20,233,193,,10,40,20,5,,,0.5,0.5,,,1,,,,,,,,,,0.5,,,,,,,,,,,,,,,,,,,,,,,35,5,,,15,,,,,,,,,,,,,,,,,,,,,,,,,,,,,,,
27-Jul,ND,"NH, ND",,far,1,Carex/Phyllodoce/Cassiope,CPC,cas/vacc/phy/car,1758.3,2,3,PR,3.2,20,4,PR-20,234,194,,10,20,15,5,,0.5,,0.5,,,5,,,,,,,,,,1,,,,,,,,,,,,,,,,,,,,,,,20,15,,,,,,,,,,,,,50,,,,,,,,,,,,,,,,,,,,,
27-Jul,ND,"NH, ND",,far,1,Carex/Phyllodoce/Cassiope,CPC,cas/vacc/phy/car,1758.3,2,3,PR,3.2,20,5,PR-20,235,195,,15,35,15,25,,0.5,0.5,0.5,,,10,,,,,,,,,,,,,0.5,,,,,,,,,,,,,,,,,,,,45,10,,,,,,,,,,,,,10,,,,,,,,,,,,,,,,,,,,,
27-Jul,ND,"NH, ND",,far,1,Carex/Phyllodoce/Cassiope,CPC,cas/vacc/phy/car,1758.3,2,3,PR,3.2,20,6,PR-20,236,196,,15,35,20,15,,0.5,,0.5,,,10,0.5,,,,,,,,,,,,5,,,,,,,,,,,,,,,,,,,,,25,,,,5,,,,,,,,,,,,,,,,,,,,,,,,,,,,,,
27-Jul,ND,"NH, ND",,far,1,Carex/Phyllodoce/Cassiope,CPC,cas/vacc/phy/car,1758.3,2,3,PR,3.2,20,7,PR-20,237,197,,25,30,25,,,0.5,0.5,0.5,,,10,0.5,,,,,,,,,,,,1,,,,,,,,,,,,,,,,,,,,,20,,,,5,,,,,,,,,,,,,,,,,,,,,,,,,,,,,,
27-Jul,ND,"NH, ND",CRYPTOCRUST there is also a rock here,far,1,Carex/Phyllodoce/Cassiope,CPC,cas/vacc/phy/car,1758.3,2,3,PR,3.2,20,8,PR-20,238,198,,20,20,25,5,,0.5,0.5,,,,5,0.5,,,,,0.5,,,,0.5,,,15,,,,,,,,,,,,,,,,,,,,,15,,,,,,,,,,,,,10,,,,,,,,,,,,,,,,,,,,,
27-Jul,ND,"NH, ND",,far,1,Carex/Phyllodoce/Cassiope,CPC,cas/vacc/phy/car,1758.3,2,3,PR,3.2,20,9,PR-20,239,199,,40,5,45,,,0.5,0.5,1,,,,5,,,,,,,,,,,,10,,,,,,,,,,,,,,,,,,,,,5,,,,,,,,,,,,,5,,,,,,,,,,,,,,,,,,,,,
27-Jul,ND,"NH, ND",ABILAS 1 seedling,far,1,Carex/Phyllodoce/Cassiope,CPC,cas/vacc/phy/car,1758.3,2,3,PR,3.2,20,10,PR-20,240,200,,25,,40,,0.5,0.5,0.5,,,,,1,,,,,,,,,,,,5,,,,,,,,,,,,,,,,,,,,,15,,,,,,,,,,,,,,,,,,,,,,,,,,,,,,,,,,
27-Jul,ND,"NH, ND",,near,0,Carex//Vaccinium/Cassiope/Phyllodoce,CVCP,car/vac/phy/cas,1765.6,5,3,PR,3.21,21,1,PR-21,101,201,,1,0.5,,,,,,,,,,1,,,,,,,,,,,,35,,,,,,,,,,,,,,,,,,,,,,,,,50,,,,,,,,,,,,,,,,,,,,,,,,,,,,,,
27-Jul,ND,"NH, ND",,near,0,Carex//Vaccinium/Cassiope/Phyllodoce,CVCP,car/vac/phy/cas,1765.6,5,3,PR,3.21,21,2,PR-21,102,202,,20,25,20,,,,,,,,,0.5,,,,,,,,,,,,20,,,,,,,,,,,,,,,,,,,,,,,,,30,,,,,,,,,,,,,,,,,,,,,,,,,,,,,,
27-Jul,ND,"NH, ND",,near,0,Carex//Vaccinium/Cassiope/Phyllodoce,CVCP,car/vac/phy/cas,1765.6,5,3,PR,3.21,21,3,PR-21,103,203,,1,1,,,,,,,,,,5,,,,,,,,,5,,,10,,,,,,,,,,,,,,,,,,,,,,,,,45,,,,,,,,,,,,,,,,,,,,,,,,,,,,,,
27-Jul,ND,"NH, ND",,near,0,Carex//Vaccinium/Cassiope/Phyllodoce,CVCP,car/vac/phy/cas,1765.6,5,3,PR,3.21,21,4,PR-21,104,204,,0.5,0.5,,,,,,,,,,1,,,,,,,,,0.5,,,1,,,,,,,,,,,,,,,,,,,,,,,,,90,,,,,,,,,,,,,,,,,,,,,,,,,,,,,,
27-Jul,ND,"NH, ND",SOIL litter/log,near,0,Carex//Vaccinium/Cassiope/Phyllodoce,CVCP,car/vac/phy/cas,1765.6,5,3,PR,3.21,21,5,PR-21,105,205,,1,0.5,1,,,,,0.5,,,,1,,,,,,,,,0.5,,,0.5,,,,,,,,,,,,,,,,,,,,,,,,,90,,,,,,,,,,,,,,,,,,,,,,,,,,,,,,
27-Jul,ND,"NH, ND",SOIL litter/log,near,0,Carex//Vaccinium/Cassiope/Phyllodoce,CVCP,car/vac/phy/cas,1765.6,5,3,PR,3.21,21,6,PR-21,106,206,,10,5,,,,,,,,,,1,,,,,,,,,5,,,0.5,,,,,,,,,,,,,,,,,,,,,,,,,80,,,,,,,,,,,,,,,,,,,,,,,,,,,,,,
27-Jul,ND,"NH, ND",SOIL litter/log,near,0,Carex//Vaccinium/Cassiope/Phyllodoce,CVCP,car/vac/phy/cas,1765.6,5,3,PR,3.21,21,7,PR-21,107,207,,5,5,,,,,,,,,,5,,,,,,,,,0.5,,,1,,,,,,,,,,,,,,,,,,,,,,,,,80,,,,,,,,,,,,,,,,,,,,,,,,,,,,,,
27-Jul,ND,"NH, ND",,near,0,Carex//Vaccinium/Cassiope/Phyllodoce,CVCP,car/vac/phy/cas,1765.6,5,3,PR,3.21,21,8,PR-21,108,208,,10,35,1,15,,,,,,,,5,,,,,,,,,0.5,,,0.5,,,,,,,,,,,,,,,,,,,,,,,,,50,,,,,,,,,,,,,,,,,,,,,,,,,,,,,,
27-Jul,ND,"NH, ND",,near,0,Carex//Vaccinium/Cassiope/Phyllodoce,CVCP,car/vac/phy/cas,1765.6,5,3,PR,3.21,21,9,PR-21,109,209,,5,20,,5,,,,,,,,1,,,,,,,,,,,,0.5,,,,,,,,,,,,,,,,,,,,,1,,,,75,,,,,,,,,,,,,,,,,,,,,,,,,,,,,,
27-Jul,ND,"NH, ND",ABILAS 1 sapling,near,0,Carex//Vaccinium/Cassiope/Phyllodoce,CVCP,car/vac/phy/cas,1765.6,5,3,PR,3.21,21,10,PR-21,110,210,,5,30,,25,5,,,,,,,0.5,,,,,,,,,,,,,,,,,,,,,,,,,,,,,,,,,10,,,,60,,,,,,,,,,,,,,,,,,,,,,,,,,,,,,
27-Jul,ND,"NH, ND",,far,1,Carex//Vaccinium/Cassiope/Phyllodoce,CVCP,cas/vac/phy,1765.9,4,3,PR,3.22,22,1,PR-22,241,211,,40,1,15,,,1,,0.5,,,,,,,,,,,,,,,,40,,,,,,,,,,,,,,,,,,,,,15,,,,25,,,,,,,1,,,,,,,,,,,,,,,,,,,,,,,
27-Jul,ND,"NH, ND",,far,1,Carex//Vaccinium/Cassiope/Phyllodoce,CVCP,cas/vac/phy,1765.9,4,3,PR,3.22,22,2,PR-22,242,212,,30,,40,,,1,,,,,,0.5,,,,,,,,,,,,15,,,,,,,,,,,,,,,,,,,,,5,,,,10,,,,,,,,,,,,,,,,,,,,,,,,,,,,,,
27-Jul,ND,"NH, ND",ABILAS 3 seedlings,far,1,Carex//Vaccinium/Cassiope/Phyllodoce,CVCP,cas/vac/phy,1765.9,4,3,PR,3.22,22,3,PR-22,243,213,,35,,50,,0.5,1,,0.5,,,,0.5,,,,,,,,,,,,10,,,,,,,,,,,,,,,,,,,,,5,,,15,,,,,,,,,,,,,,,,,,,,,,,,,,,,,,,
27-Jul,ND,"NH, ND",,far,1,Carex//Vaccinium/Cassiope/Phyllodoce,CVCP,cas/vac/phy,1765.9,4,3,PR,3.22,22,4,PR-22,244,214,,20,5,35,,,1,0.5,,,,,,,,,,,,,,,,,15,,,,,,,,,,,,,,,,,,,,,1,,,,25,,,,,,,,,,,,,,,,,,,,,,,,,,,,,,
27-Jul,ND,"NH, ND",,far,1,Carex//Vaccinium/Cassiope/Phyllodoce,CVCP,cas/vac/phy,1765.9,4,3,PR,3.22,22,5,PR-22,245,215,,20,5,45,5,,0.5,0.5,0.5,,,,0.5,,,,,,,,,,,,5,,,,,,,,,,,,,,,,,,,,,1,,,,25,,,,,,,,,,,,,,,,,,,,,,,,,,,,,,
27-Jul,ND,"NH, ND",,far,1,Carex//Vaccinium/Cassiope/Phyllodoce,CVCP,cas/vac/phy,1765.9,4,3,PR,3.22,22,6,PR-22,246,216,,30,10,40,,,,,0.5,,,,,,,,,,,,,,,,5,,,,,,,,,,,,,,,,,,,,,0.5,,,,25,,,,,,,,,,,,,,,,,,,,,,,,,,,,,,
27-Jul,ND,"NH, ND",,far,1,Carex//Vaccinium/Cassiope/Phyllodoce,CVCP,cas/vac/phy,1765.9,4,3,PR,3.22,22,7,PR-22,247,217,,20,5,30,0.5,,,,,,,,0.5,,,,,,,,,,,,0.5,,,,,,,,,,,,,,,,,,,,,5,,,,25,,,,,,,,,,,,,,,,,,,,,,,,,,,,,,
27-Jul,ND,"NH, ND",,far,1,Carex//Vaccinium/Cassiope/Phyllodoce,CVCP,cas/vac/phy,1765.9,4,3,PR,3.22,22,8,PR-22,248,218,,40,15,40,15,,0.5,,0.5,,,,,,,,,,,,,,,,0.5,,,,,,,,,,,,,,,,,,,,,5,,,,15,,,,,,,,,,,,,,,,,,,,,,,,,,,,,,
27-Jul,ND,"NH, ND",,far,1,Carex//Vaccinium/Cassiope/Phyllodoce,CVCP,cas/vac/phy,1765.9,4,3,PR,3.22,22,9,PR-22,249,219,,30,25,40,1,,1,0.5,,,,,,,,,,0.5,,,,,,,,,,,,,,,,,,,,,,,,,,,,10,,,,20,,,,,,,,,,,,,,,,,,,,,,,,,,,,,,
27-Jul,ND,"NH, ND",,far,1,Carex//Vaccinium/Cassiope/Phyllodoce,CVCP,cas/vac/phy,1765.9,4,3,PR,3.22,22,10,PR-22,250,220,,30,30,45,15,,0.5,0.5,,,,,0.5,,,,,0.5,,,,,,,0.5,,,,,,,,,,,,,,,,,,,,,5,,,,,,,,,,,,,,,,,,,,,,,,,,,,,,,,,,
27-Jul,TM,"TM, PE",,near,0,Cassiope/Carex,CC,phy/cas/vac,1796.8,3,3,PR,3.23,23,1,PR-23,111,221,,1,,1,,,,,0.5,,,,,,,,,,,,,0.5,,,0.5,,,,,,,,,,,,,,,,,,,,,,,,,50,40,,,,,,,,,,,,,,,,,,,,,,,,,,,,,
27-Jul,TM,"TM, PE",,near,0,Cassiope/Carex,CC,phy/cas/vac,1796.8,3,3,PR,3.23,23,2,PR-23,112,222,,10,0.5,10,,,0.5,,0.5,,,,,,,,,,,,,,,,0.5,,,,,,,,,,,,,,,,,,,,,,,,,20,40,5,,,,,,,,,,,,,,,,,,,,,,,,,,,,
27-Jul,TM,"TM, PE",ABILAS 1 sapling,near,0,Cassiope/Carex,CC,phy/cas/vac,1796.8,3,3,PR,3.23,23,3,PR-23,113,223,,1,,,,0.5,0.5,,0.5,,,,,,,,,,,,,,,,,,,,,,,,,,,,,,,,,,,,,,,,,70,35,,,,,,,,,,,,,,,,,,,,,,,,,,,,,
27-Jul,TM,"TM, PE",,near,0,Cassiope/Carex,CC,phy/cas/vac,1796.8,3,3,PR,3.23,23,4,PR-23,114,224,,0.5,,,,,,,0.5,,,,,,,,,,,,,,,,0.5,,,,,,,,,,,,,,,,,,,,,,,,,90,10,1,,,,,,,,,,,,,,,,,,,,,,,,,,,,
27-Jul,TM,"TM, PE",sad plants,near,0,Cassiope/Carex,CC,phy/cas/vac,1796.8,3,3,PR,3.23,23,5,PR-23,115,225,,0.5,,0.5,,,0.5,,,,,,,,,,,,,,,,,,0.5,,,,,,,,,,,,,,,,,,,,,,,,,90,20,1,,,,,,,,,,,,,,,,,,,,,,,,,,,,
27-Jul,TM,"TM, PE",ABILAS 1 seedling,near,0,Cassiope/Carex,CC,phy/cas/vac,1796.8,3,3,PR,3.23,23,6,PR-23,116,226,,1,,0.5,,0.5,,,,,,,,,,,,,,,,,,,0.5,,,,,,,,,,,,,,,,,,,,,,,,,75,20,10,,,,,,,,,,,,,,,,,,,,,,,,,,,,
27-Jul,TM,"TM, PE",,near,0,Cassiope/Carex,CC,phy/cas/vac,1796.8,3,3,PR,3.23,23,7,PR-23,117,227,,15,,,,,,,0.5,,,,,,,,,,,,,,,,0.5,,,,,,,,,,,,,,,,,,,,,,,,,70,10,15,,,,,,,,,,,,,,,,,,,,,,,,,,,,
27-Jul,TM,"TM, PE",,near,0,Cassiope/Carex,CC,phy/cas/vac,1796.8,3,3,PR,3.23,23,8,PR-23,118,228,,1,,,,,0.5,,,,,,,,,,,,,,,,,,0.5,,,,,,,,,,,,,,,,,,,,,,,,,80,5,10,,,,,,,,,,,,,,,,,,,,,,,,,,,,
27-Jul,TM,"TM, PE",ABILAS 1 seedling,near,0,Cassiope/Carex,CC,phy/cas/vac,1796.8,3,3,PR,3.23,23,9,PR-23,119,229,,10,,,,0.5,0.5,,0.5,,,,,,,,,,,,,,,,0.5,,,,,,,,,,,,,,,,,,,,,,,,,80,5,10,,,,,,,,,,,,,,,,,,,,,,,,,,,,
27-Jul,TM,"TM, PE",,near,0,Cassiope/Carex,CC,phy/cas/vac,1796.8,3,3,PR,3.23,23,10,PR-23,120,230,,5,,0.5,0.5,,0.5,,,,,,,,,,,,,,,,,,1,,,,,,,,,,,,,,,,,,,,,,,,,80,10,5,,,,,,,,,,,,,,,,,,,,,,,,,,,,
27-Jul,TM,"TM, PE",ABILAS 1 sapling,far,1,Cassiope/Carex,CC,car/cas,1797,2,3,PR,3.24,24,1,PR-24,251,231,,1,1,60,,0.5,,,,,,,,,,,,,,,0.5,,,,,,,,,,,,,,,,,,,,,,,,,0.5,0.5,,,,20,,,,,,,,,,,,,,,,,,,,,,,,,,,,,
27-Jul,TM,"TM, PE",ABILAS 2 saplings,far,1,Cassiope/Carex,CC,car/cas,1797,2,3,PR,3.24,24,2,PR-24,252,232,,1,,20,,0.5,,,,,,,,,,,,,,,,,,,,,,,,,,,,,,,,,,,,,,,,5,1,,,,30,15,,,,,,,,,,,,,,,,,,,,,,,,,,,,
27-Jul,TM,"TM, PE",ABILAS 28 tiny seedlings,far,1,Cassiope/Carex,CC,car/cas,1797,2,3,PR,3.24,24,3,PR-24,253,233,,5,,40,,1,0.5,,,,,,,,,,,,,,,,,,,,,,,,,,,,,,,,,,,,,,,0.5,0.5,,,,40,,,,,,,,,,,,,,,,,,,,,,,,,,,,,
27-Jul,TM,"TM, PE",ABILAS 33 tiny seedlings,far,1,Cassiope/Carex,CC,car/cas,1797,2,3,PR,3.24,24,4,PR-24,254,234,,5,,35,,1,0.5,,,,,,,,,,,,,,,,,,,,,,,,,,,,,,,,,,,,,,,,,,,,30,,,,,,,,,,,,,,,,,,,,,,,,,,,,,
27-Jul,TM,"TM, PE",ABILAS 18 tiny seedlings,far,1,Cassiope/Carex,CC,car/cas,1797,2,3,PR,3.24,24,5,PR-24,255,235,,5,,20,,1,0.5,,,,,,,,,,,,,,,,,,,,,,,,,,,,,,,,,,,,,,,0.5,,,,,40,5,,,,,,,,,,,,,,,,,,,,,,,,,,,,
27-Jul,TM,"TM, PE",ABILAS 12 tiny seedlings,far,1,Cassiope/Carex,CC,car/cas,1797,2,3,PR,3.24,24,6,PR-24,256,236,,1,,50,,1,0.5,,,,,,,,,,,,,,,,,,,,,,,,,,,,,,,,,,,,,,,1,0.5,,,,25,,,,,,,,,,,,,,,,,,,,,,,,,,,,,
27-Jul,TM,"TM, PE",ABILAS 12 tiny seedlings,far,1,Cassiope/Carex,CC,car/cas,1797,2,3,PR,3.24,24,7,PR-24,257,237,,1,,20,,1,0.5,,,,,,,,,,,,,,0.5,,,,,,,,,,,,,,,,,,,,,,,,,0.5,,,,,60,,,,,,,,,,,,,,,,,,,,,,,,,,,,,
27-Jul,TM,"TM, PE",ABILAS 15 tiny seedlings,far,1,Cassiope/Carex,CC,car/cas,1797,2,3,PR,3.24,24,8,PR-24,258,238,,5,,10,1,1,0.5,,,,,,,,,,,,,,,0.5,,,,,,,,,,,,,,,,,,,,,,,,0.5,,,,,70,,,,,,,,,,,,,,,,,,,,,,,,,,,,,
27-Jul,TM,"TM, PE",ABILAS 11 tiny seedlings,far,1,Cassiope/Carex,CC,car/cas,1797,2,3,PR,3.24,24,9,PR-24,259,239,,1,,10,,5,0.5,,,,,,,,,,,,,,0.5,0.5,,,,,,,,,,,,,,,,,,,,,,,,5,,,,,60,,,,,,,,5,,,,,,,,,,,,,,,,,,,,,
27-Jul,TM,"TM, PE",ABILAS 9 tiny seedlings,far,1,Cassiope/Carex,CC,car/cas,1797,2,3,PR,3.24,24,10,PR-24,260,240,,5,,15,10,1,0.5,,,,,,,,,,,,,,0.5,,,,,,,,,,,,,,,,,,,,,,,,,10,0.5,,,,10,1,,,,,,,1,,,,,,,,,,,,,,,,,,,,,
03-Aug,"NK,TM","NK,TM",*moss very dry,near,0,Carex/Phyllodoce/Vaccinium/Cassiope,CPVC,car/phy/vac/cas,1658.9,2,1,TM,1.25,25,1,TM-25,121,241,,1,1,,,,,,,,,,,,,,,,,,,,,,,,,,,,,,,,,,,,,,,,,,,,,,,60,,40,,,,,,,,,,,,,,,,,,,,,,,,,,,,
03-Aug,"NK,TM","NK,TM, CW",ABILAS overhanging,near,0,Carex/Phyllodoce/Vaccinium/Cassiope,CPVC,car/phy/vac/cas,1658.9,2,1,TM,1.25,25,2,TM-25,122,242,,1,,,5,15,0.5,,0.5,,,,,,,,,,,,,,,,,,,,,,,,,,,,,,,,,,,,,,,,,40,,,,,,,,,10,,,,,,,,,1,,,,,,,,,,,,
03-Aug,"NK,TM","NK,TM, CW",,near,0,Carex/Phyllodoce/Vaccinium/Cassiope,CPVC,car/phy/vac/cas,1658.9,2,1,TM,1.25,25,3,TM-25,123,243,,10,5,,25,,0.5,,,,,,,,,,,,,,,,,,,,,,,,,,,,,,,,,,,,,,,,,,,10,,,,,,,,,20,,,,,,,,,1,,,,,,,,,,,,
03-Aug,"NK,TM","NK,TM, CW",,near,0,Carex/Phyllodoce/Vaccinium/Cassiope,CPVC,car/phy/vac/cas,1658.9,2,1,TM,1.25,25,4,TM-25,124,244,,10,1,,15,,0.5,,,,,,0.5,,,,,,,,,,,,0.5,,,,,,,,,,,,,,,,,,,,,,,,,5,,,,,,,,,35,,,,,,,,,1,,,,,,,,,,,,
03-Aug,"NK,TM","NK,TM, CW",ABILAS not rooted in plot,near,0,Carex/Phyllodoce/Vaccinium/Cassiope,CPVC,car/phy/vac/cas,1658.9,2,1,TM,1.25,25,5,TM-25,125,245,,1,5,,5,1,0.5,,,,,,0.5,,,,,,,,,,,,0.5,,,,,,,,,,,,,,,,,,,,,,,,,1,,,0.5,,,,,,80,,,,,,,,,5,,,,,,,,,,,,
03-Aug,"NK,TM","NK, CW",ABILAS 3 saplings,near,0,Carex/Phyllodoce/Vaccinium/Cassiope,CPVC,car/phy/vac/cas,1658.9,2,1,TM,1.25,25,6,TM-25,126,246,,25,1,,10,1,0.5,,0.5,,,,,,,,,,,,,,,,0.5,,,,,,,,,,,,,,,,,,,,,,,,,,,,,,,,,,60,,,,,,,,,5,,,0.5,,,,,,,,,
03-Aug,NH,"NH, NK, CW",ABILAS 4 seedlings,near,0,Carex/Phyllodoce/Vaccinium/Cassiope,CPVC,car/phy/vac/cas,1658.9,2,1,TM,1.25,25,7,TM-25,127,247,,20,1,,1,1,0.5,,0.5,,,,0.5,,,,,,,,,,,,1,,,,,,,,,,,,,,,,,,,,,,,,,,,,,,,,,,40,,,,,,,,,10,,,0.5,,,,,,,,,
03-Aug,NH,"NH, CW",ABILAS 2 saplings,near,0,Carex/Phyllodoce/Vaccinium/Cassiope,CPVC,car/phy/vac/cas,1658.9,2,1,TM,1.25,25,8,TM-25,128,248,,10,10,,30,5,0.5,,,,,,,,,,,,,,,,,,1,,,,,,,,,,,,,,,,,,,,,,,,,25,,,,,,,,,10,,,,,,,,,10,,,5,,,,,,,,,
03-Aug,NH,"NH, CW",,near,0,Carex/Phyllodoce/Vaccinium/Cassiope,CPVC,car/phy/vac/cas,1658.9,2,1,TM,1.25,25,9,TM-25,129,249,,10,10,,1,,1,,,,,,1,,,,,,,,,,,,10,,,,,,,,,,,,,,,,,,,,,,,,,,,,,,,,,,15,,,,,,,,,0.5,,,15,,,,,,,,,
03-Aug,NH,"NH, CW",,near,0,Carex/Phyllodoce/Vaccinium/Cassiope,CPVC,car/phy/vac/cas,1658.9,2,1,TM,1.25,25,10,TM-25,130,250,,,1,,,,,,,,,,,,,,,,,,,,,,0.5,,,,,,,,,,,,,,,,,,,,,,,,,100,,,,,,,,,,,,,,,,,,,,,,,,,,,,,,
03-Aug,AD,"AD, PE, CW",ABILAS 1 individual,far,1,Carex/Phyllodoce/Vaccinium/Cassiope,CPVC,car/phy/vac/cas,1658,3,1,TM,1.26,26,1,TM-26,261,251,,5,5,40,1,0.5,5,,1,,,,0.5,,,,,,,,,,,,,,,,,,,,,,,,,,,,,,,,,,,,5,,,,,,,,,,1,,5,,,,,,,,,,1,,,,,,,,,
03-Aug,AD,"AD, PE, CW",ABILAS 3 individuals// CERPUR Connor collected to check,far,1,Carex/Phyllodoce/Vaccinium/Cassiope,CPVC,car/phy/vac/cas,1658,3,1,TM,1.26,26,2,TM-26,262,252,,10,5,25,1,5,5,,0.5,,,,,,,,,,,,,,,,,,,,,,,,,,,,,,,,,,,,,,,,10,,,,,,,,,,5,,10,,,,,,,,,,1,,,,,,,,,
03-Aug,AD,"AD, PE, CW",ABILAS 5 individuals,far,1,Carex/Phyllodoce/Vaccinium/Cassiope,CPVC,car/phy/vac/cas,1658,3,1,TM,1.26,26,3,TM-26,263,253,,15,0.5,20,1,5,5,,1,,,,0.5,,,,,,,,,,,,,,,,,,,,,,,,,,,,,,,,,,,,20,,,,,,,,,,1,,10,,,,,,,,,,,,,,,,,,,
03-Aug,AD,"AD, PE, CW",ABILAS 1 individual,far,1,Carex/Phyllodoce/Vaccinium/Cassiope,CPVC,car/phy/vac/cas,1658,3,1,TM,1.26,26,4,TM-26,264,254,,15,5,10,15,5,1,,1,,,,0.5,,,,,,,,,,,,,,,,,,,,,,,,,,,,,,,,,,,,10,,,,,,,,,,1,,5,,,,,,,,,,0.5,,,,,,,,,
03-Aug,AD,"AD, PE, CW",ABILAS 6 individuals,far,1,Carex/Phyllodoce/Vaccinium/Cassiope,CPVC,car/phy/vac/cas,1658,3,1,TM,1.26,26,5,TM-26,265,255,,10,1,20,10,5,5,,1,,,,1,,,,,,,,,,,,,,,,,,,,,,,,,,,,,,,,,,,,20,,,,,,,,,,0.5,,1,,,,,,,,,,,,,,,,,,,
03-Aug,AD,"AD, PE, CW",ABILAS 4 individuals,far,1,Carex/Phyllodoce/Vaccinium/Cassiope,CPVC,car/phy/vac/cas,1658,3,1,TM,1.26,26,6,TM-26,266,256,,10,1,10,15,15,1,1,5,,,,5,,,,,0.5,,,,,,,,,,,,,,,,,,,,,,,,,,,,,,,10,,,,,,,,,,5,,10,,,,,,,,,,,,,,,,,,,
03-Aug,AD,"NH, CW",ABILAS 3 seedlings,far,1,Carex/Phyllodoce/Vaccinium/Cassiope,CPVC,car/phy/vac/cas,1658,3,1,TM,1.26,26,7,TM-26,267,257,,5,1,15,20,5,0.5,1,1,,,,1,,,,,5,,,,,,,,,,,,,,,,,,,,,,,,,,,,,,,1,,,,,,,,,,,,5,,,,,,,,,,1,,,,,,,,,
03-Aug,AD,"NH, CW",ABILAS 3 seedlings,far,1,Carex/Phyllodoce/Vaccinium/Cassiope,CPVC,car/phy/vac/cas,1658,3,1,TM,1.26,26,8,TM-26,268,258,,10,,20,20,1,1,1,5,,,,,,,,,,,,,,,,0.5,,,,,,,,,,,,,,,,,,,,,,,,10,,,,,,,,,,5,,,,,,,,,,1,,5,,,,,,,,,
03-Aug,AD,"NH, CW",ABILAS 2 saplings,far,1,Carex/Phyllodoce/Vaccinium/Cassiope,CPVC,car/phy/vac/cas,1658,3,1,TM,1.26,26,9,TM-26,269,259,,15,5,45,15,15,5,1,5,,,,,,,,,,,,,,5,,5,,,,,,,,,,,,,,,,,,,,,,,,10,,,,,,,,,,,,5,,,,,,,,,,1,,,,,,,,,
03-Aug,AD,"NH, CW",ABILAS 3 saplings,far,1,Carex/Phyllodoce/Vaccinium/Cassiope,CPVC,car/phy/vac/cas,1658,3,1,TM,1.26,26,10,TM-26,270,260,,5,20,10,30,15,5,,1,,,,,,,,,10,5,,,,,,,,,,,,,,,,,,,,,,,,,,,,,,15,,,,,,,,,,,,5,,,,,,,,,,,,,,,,,,,
02-Aug,SW,"TM, CW, NK",BARESOIL has sparse litter throughout,near,0,Phyllodoce/Vaccinium/Cassiope,PVC,phy/vac/cas,1669.2,1,1,TM,1.27,27,1,TM-27,131,261,,,0.5,,0.5,,,,,,,,,,,,,,,,,,,,,,,,,,,,,,,,,,,,,,,,,,,,,100,,,,,,,,,,,,,,,,,,,,,,,,,,,,,,
02-Aug,SW,"TM, CW, NK",,near,0,Phyllodoce/Vaccinium/Cassiope,PVC,phy/vac/cas,1669.2,1,1,TM,1.27,27,2,TM-27,132,262,,0.5,0.5,,0.5,,,,,,,,,,,,,,,,,,,,,,,,,,,,,,,,,,,,,,,,,,,,,100,,,,,,,,,,,,,,,,,,,,,,,,,,,,,,
02-Aug,SW,"TM, CW, NK",,near,0,Phyllodoce/Vaccinium/Cassiope,PVC,phy/vac/cas,1669.2,1,1,TM,1.27,27,3,TM-27,133,263,,,,,0.5,,,,,,,,,,,,,,,,,,,,,,,,,,,,,,,,,,,,,,,,,,,,,100,,,,,,,,,,,,,,,,,,,,,,,,,,,,,,
02-Aug,SW,"TM, CW, NK",,near,0,Phyllodoce/Vaccinium/Cassiope,PVC,phy/vac/cas,1669.2,1,1,TM,1.27,27,4,TM-27,134,264,,0.5,0.5,,0.5,,,,,,,,,,,,,,,,,,,,,,,,,,,,,,,,,,,,,,,,,,,,,100,,,,,,,,,,,,,,,,,,,,,,,,,,,,,,
02-Aug,SW,"TM, CW, NK",,near,0,Phyllodoce/Vaccinium/Cassiope,PVC,phy/vac/cas,1669.2,1,1,TM,1.27,27,5,TM-27,135,265,,5,5,5,5,,,,,,,,,,,,,,,,,,,,,,,,,,,,,,,,,,,,,,,,,,,,,80,,,,,,,,,,,,,,,,,,,,,0.5,,,,,,,,,
02-Aug,SW,"TM, CW, NK",TSUMER 1 sapling overhanging,near,0,Phyllodoce/Vaccinium/Cassiope,PVC,phy/vac/cas,1669.2,1,1,TM,1.27,27,6,TM-27,136,266,,5,10,15,15,,,,,,,,,,,,,,,,,,35,,,,,,,,,,,,,,,,,,,,,,,,,,,30,,,,,,,,,,,0.5,,,,,,,,,,0.5,,,,,,,,,
02-Aug,SW,"TM, CW, NK",ABILAS 1 sapling overhanging & 1 seedling// TSUMER 1 sapling,near,0,Phyllodoce/Vaccinium/Cassiope,PVC,phy/vac/cas,1669.2,1,1,TM,1.27,27,7,TM-27,137,267,,10,25,15,25,0.5,,,,,,,,,,,,,,,,,45,,,,,,,,,,,,,,,,,,,,,,,,,,,20,,,,,,,,,,,0.5,,,,,,,,,,0.5,,,,,,,,,
02-Aug,SW,"TM, CW, NK",ABILAS 1 sapling,near,0,Phyllodoce/Vaccinium/Cassiope,PVC,phy/vac/cas,1669.2,1,1,TM,1.27,27,8,TM-27,138,268,,5,5,5,1,1,,,,,,,,,,,,,,,,,,,,,,,,,,,,,,,,,,,,,,,,,,,,90,,,,,,,,,,,0.5,,,,,,,,,,0.5,,,,,,,,,
02-Aug,SW,"TM, CW, NK",,near,0,Phyllodoce/Vaccinium/Cassiope,PVC,phy/vac/cas,1669.2,1,1,TM,1.27,27,9,TM-27,139,269,,,,,,,,,,,,,,,,,,,,,,,,,,,,,,,,,,,,,,,,,,,,,,,,,,100,,,,,,,,,,,,,,,,,,,,,,,,,,,,,,
02-Aug,SW,"TM, CW, NK",,near,0,Phyllodoce/Vaccinium/Cassiope,PVC,phy/vac/cas,1669.2,1,1,TM,1.27,27,10,TM-27,140,270,,,,,,,,,,,,,,,,,,,,,,,,,,,,,,,,,,,,,,,,,,,,,,,,,,100,,,,,,,,,,,,,,,,,,,,,,,,,,,,,,
02-Aug,AD,"PE, AD, CW",ABILAS 3 individuals//TSUMER 2 individuals,far,1,Phyllodoce/Vaccinium/Cassiope,PVC,phy/vac/cas,1669.7,3,1,TM,1.28,28,1,TM-28,271,271,,5,15,30,25,1,0.5,,,,,,,,,,,,,,,,5,,,,,,,,,,,,,,,,,,,,,,,,,,10,,,,,,,,,,5,,5,,,,,,,,,,,,,,,,,,,
02-Aug,AD,"PE, AD, CW",,far,1,Phyllodoce/Vaccinium/Cassiope,PVC,phy/vac/cas,1669.7,3,1,TM,1.28,28,2,TM-28,272,272,,1,5,15,25,,,,,,,,,,,,,,,,,,,,,,,,,,,,,,,,,,,,,,,,,,,,10,,,,,,,,,,5,1,5,,1,,,,,,,,,,,,,,,,,
02-Aug,AD,"PE, AD, CW",ABILAS 3 individuals,far,1,Phyllodoce/Vaccinium/Cassiope,PVC,phy/vac/cas,1669.7,3,1,TM,1.28,28,3,TM-28,273,273,,0.5,15,40,20,0.5,,,,,,,,,,,,,,,,,,,,,,,,,,,,,,,,,,,,,,,,,,,5,,,,,,,,,,1,5,5,,1,,,,,,,,,,,,,,,,,
02-Aug,AD,"PE, AD, CW",ABILAS 4 individuals// TSUMER 2 individuals,far,1,Phyllodoce/Vaccinium/Cassiope,PVC,phy/vac/cas,1669.7,3,1,TM,1.28,28,4,TM-28,274,274,,0.5,5,50,5,0.5,,,,,,,,,,,,,,,,,0.5,,,,,,,,,,,,,,,,,,,,,,,,,,5,,,,,,,,,,0.5,1,1,,5,,,,,,,,,,,,,,,,,
02-Aug,AD,"PE, AD, CW",TSUMER 1 individual,far,1,Phyllodoce/Vaccinium/Cassiope,PVC,phy/vac/cas,1669.7,3,1,TM,1.28,28,5,TM-28,275,275,,0.5,5,15,10,,,,,,,,,,,,,,,,,,0.5,,,,,,,,,,,,,,,,,,,,,,,,,,15,,,,,,,,,,5,5,0.5,,5,,,,,,,,,,,,,,,,,
02-Aug,AD,"PE, AD, CW",ABILAS 4 individuals,far,1,Phyllodoce/Vaccinium/Cassiope,PVC,phy/vac/cas,1669.7,3,1,TM,1.28,28,6,TM-28,276,276,,0.5,5,5,25,5,,,,,,,,,,,,,,,,,,,,,,,,,,,,,,,,,,,,,,,,,,,5,,,,,,,,,,0.5,0.5,10,,5,,,,,,,,0.5,,,,,,,,,
02-Aug,AD,"NH, NK, CW",ABILAS 3 individuals,far,1,Phyllodoce/Vaccinium/Cassiope,PVC,phy/vac/cas,1669.7,3,1,TM,1.28,28,7,TM-28,277,277,,0.5,10,20,15,30,,,,,,,,,,,,,,,,,,,,,,,,,,,,,,,,,,,,,,,,,,,1,,,,,,,,,,1,,5,,10,,,,,,,,,,,,,,,,,
02-Aug,AD,"NH, NK, CW",ABILAS 5 individuals,far,1,Phyllodoce/Vaccinium/Cassiope,PVC,phy/vac/cas,1669.7,3,1,TM,1.28,28,8,TM-28,278,278,,1,5,25,20,5,,,,,,,,,,,,,,,,,,,,,,,,,,,,,,,,,,,,,,,,,,,5,,,,,,,,,,5,,5,,10,,,,,,,,0.5,,,,,,,,,
02-Aug,AD,"NH, NK, CW",ABILAS 3 individuals//BUSU growing on a rock,far,1,Phyllodoce/Vaccinium/Cassiope,PVC,phy/vac/cas,1669.7,3,1,TM,1.28,28,9,TM-28,279,279,,1,5,20,25,5,,,,,,,,,,,,,,,,,,,,,,,,,,,,,,,,,,,,,,,,,,,20,,,,,,,0.5,,,5,,5,,10,,,,,,,,,,,,,,,,,
02-Aug,AD,"NH, NK, CW",ABILAS 1 individual//TSUMER 1 individual,far,1,Phyllodoce/Vaccinium/Cassiope,PVC,phy/vac/cas,1669.7,3,1,TM,1.28,28,10,TM-28,280,280,,0.5,1,15,45,1,,,,,,,,,,,,,,,,,5,,,,,,,,,,,,,,,,,,,,,,,,,,20,,,,,,,,,,1,1,5,,,,,,,,,,,,,,,,,,,
,,,,,,,,,,,,,,,,,,,,,,,,,,,,,,,,,,,,,,,,,,,,,,,,,,,,,,,,,,,,,,,,,,,,,,,,,,,,,,,,,,,,,,,,,,,,,,,,,,
,,,,,,,,,,,,,,,,,,,Sum,2143.5,2607,3350.5,2849.5,916,92,30.5,65.5,2,33.5,110.5,127.5,114.5,76,107,138.5,63.5,46.5,0,17,21,217.5,101,327,4.5,2.5,4,18,2.5,5,30.5,0,0,0,24,0,174.5,10,0,0,0,0,0,306.5,426.5,88,1645,1122,6127,1853,1138,81.5,2,1,4,46,1,601.5,15.5,231,3,59.5,8.5,24.5,67.5,2,37.5,8,1,36,,,,,,,,,
