treatment,commun,site,transect,altitude,slope,quad,trans.pair,trans.no,antmed,antros,antumb,arnlat,callep,caspar,dipsit,epiana,erigla,erygra,hietri,leppyr,luepec,luparc,mictol,penpro,potfla,pusocc,ranesc,solmul,tonlya,valsti,verwor,agrcap,danint,fesbra,poaalp,vahatr,carhas,carnar,carnig,carspe,schacu,jundru,luzpip,aulpal,braspp,bryosp1,bryosp2,bucsud,cerpur,dicoly,dicpal,ditspp,meilya,nipelo,nipmut,nippyg,phifon,pohnut,polpil,polspp,rhysqu,rhyrob,scioed,strcon,barhat,lopven,crust,vacmem,vacova,casmer,gauhum,kalmic,phyemp,phygla,phyint,salbar,salcom,sorsit,abilas,tsumer,soil,litter,rock
near,cas/vac/phy,1,TM-1,1579.9,2,1,1,1,,,,,,,,,,,,,0.5,,,,,,,,,,,,,,,,,,,,,,,,,,,,,,,,,,,,,,,,,,,,,,,,,,,,10,,,,,,,,90,,
near,cas/vac/phy,1,TM-1,1579.9,2,2,1,1,,,,,,,,,,,,,0.5,,,,,,,,,,,,,,,,,,,,,,,,,,,,,,,,,,,,,,,,,,,,,,,,,,,,10,,,,,,,,90,,
near,cas/vac/phy,1,TM-1,1579.9,2,3,1,1,,,,,,,,,,,,,1,,,,,,,,,,,,,,,,,,,,,,,,,,,,,,,,,,,,,,,,,,,,,,,,1,,,,1,,,,,,,,95,,
near,cas/vac/phy,1,TM-1,1579.9,2,4,1,1,,,,,,,,,,,,,5,,,,,,,,,,,,,,,,,,,,,,,,,,,,,,,,,,,,,,,,,,,,,,,,10,15,,,20,,,,,,,,80,,
near,cas/vac/phy,1,TM-1,1579.9,2,5,1,1,,,,,,,,,,,,,1,,,,,,,,,,,,,,,,,,,,,,,,,,,,,,,,,,,,,,,,,,,,,,,,,,,,0.5,,,,,,,,95,,
near,cas/vac/phy,1,TM-1,1579.9,2,6,1,1,,,,,,,,,,,,,0.5,,,,,,,,,,,,,,,,,,,,,,,,,,,,,,,,,,,,,,,,,,,,,,,,,,,,,,,,,,,,95,,
near,cas/vac/phy,1,TM-1,1579.9,2,7,1,1,,,,,,,,,,,,,1,,,,,,,,,,,,,,,0.5,,,,,,,,,,,,,,,,,,,,,,,,,,,,,,,,,0.5,,,,,,,,,,,,95,,
near,cas/vac/phy,1,TM-1,1579.9,2,8,1,1,,,,,,,,,,,,,,,,,,,,,,,,,,,,,,,,,,,,,,,,,,,,,,,,,,,,,,,,,,,,,,,,,,,,,,,,,100,,
near,cas/vac/phy,1,TM-1,1579.9,2,9,1,1,,,,,,,,,,,,,0.5,,,,,,,,,,,,,,,,,,,,,,,,,,,,,,,,,,,,,,,,,,,,,,,,0.5,,,,,,,,,,,,95,,
near,cas/vac/phy,1,TM-1,1579.9,2,10,1,1,,,,,,,,,,,,,5,,,,,,,,,,,,,,,0.5,,,,,10,,,,,,,,,,,,,,,,,,,,,,,,,,,,10,,,,5,,,,,,,,90,,
far,phy/cas/vac,1,TM-2,1579.9,4,1,1,2,,,,,,,,,,,,,10,,,,,,,,,,,,,,,,,,,,,,,,,5,0.5,,,,,,,,,,,,,,,,,,,,,,20,15,,,30,,,,,,,,,20,
far,phy/cas/vac,1,TM-2,1579.9,4,2,1,2,,,,,,,,,,,,,10,,,,,,,,,,,,,,,,,,,,,,,,,0.5,,,,,,,,,,,,,,,,,,,,,,,25,10,,,15,,,,,,0.5,,,25,
far,phy/cas/vac,1,TM-2,1579.9,4,3,1,2,,,,,,,,,,,,,10,,,,,,,,,,,,,,,,,,,,,,,,,0.5,,,,,,,,,,,,,,,,,,,,,,,15,10,,,5,,,,,,0.5,,,70,
far,phy/cas/vac,1,TM-2,1579.9,4,4,1,2,,,,,,,,,,,,,5,,,,,,,,,,,,,,,,,,,,,,,,,0.5,0.5,,,,,,,,,,,,,,,,,,,,,,10,15,,,,,,,,,0.5,,,70,
far,phy/cas/vac,1,TM-2,1579.9,4,5,1,2,,,,,,,,,,,,,10,,,,,,,,,,,,,,,,,,,,,,,,,0.5,,,,,,,,,,,,,,,,,,,,,,,15,25,,,,,,,,,0.5,,,70,
far,phy/cas/vac,1,TM-2,1579.9,4,6,1,2,,,,,,,,,,,,,10,,,,,,,,,,,,,,,,,,,,,,,,,1,,,,,,,,,,,,,,,,,,,,,,,20,15,,,1,,,,,,0.5,,,75,
far,phy/cas/vac,1,TM-2,1579.9,4,7,1,2,,,,,,,,,,,0.5,,5,,,,,,,,,,,,,,,,,,,,,,,,,5,,,,,,,,,,,,,,,,,,,,,,,10,10,,,,,,,,,1,,,80,
far,phy/cas/vac,1,TM-2,1579.9,4,8,1,2,,,,,,,,,,,,,5,,,,,,,,,,,,,,,,,,,,,,,,,1,,,,,,,,,,,,,,,,,,,,,,,5,10,,,10,,,,,,0.5,,,50,
far,phy/cas/vac,1,TM-2,1579.9,4,9,1,2,,,,,,,,,,,,,1,,,,,,,,,,,,,,,,,,,,,,,,,1,0.5,,,,,,,,,,,,,,,,,,,,,,10,10,,,5,,,,,,,,,50,
far,phy/cas/vac,1,TM-2,1579.9,4,10,1,2,,,,,,,,,,,,,5,,,,,,,,,,,,,,,,,,,,,,,,,1,,,,,,,,,,,,,,,,,,,,,,,5,5,,1,5,,,,,,,,,80,
near,phy/vac/cas,1,TM-3,1581.1,16,1,2,3,,,,,,,,,,,,,10,,,,,,,,,,,,20,,,,,,5,,,,,,,,,,,,,,,,,,,,,,,,,,,,,,,,,0.5,1,,,,,,,,70,,
near,phy/vac/cas,1,TM-3,1581.1,16,2,2,3,,,,,,,,,,,,,5,,,,,,,,,,,10,5,,,,,,5,,,,,,,,,,,,,,,,,,,,,,,,,,,,,,,,,,,,,,,,,,75,,
near,phy/vac/cas,1,TM-3,1581.1,16,3,2,3,,,,,,,,,,,,,5,,,,,,,,,,,10,1,,,,,,0.5,,,,,,,,,,,,,,,,,,,,,,,,,,,,,,,,,,1,,,,,,,,90,,
near,phy/vac/cas,1,TM-3,1581.1,16,4,2,3,,,,,,,,,,,,,10,,,,,,,,,,,,,,,,,,0.5,,,,,,,,,,,,,,,,,,,,,,,,,,,,,,0.5,0.5,,,,,,,,,,,90,,
near,phy/vac/cas,1,TM-3,1581.1,16,5,2,3,,,,,,,,,,,0.5,,30,,,,,,,,,,,1,1,,,,,,1,,,,,,,,,,,,,,,,,,,,,,,,,,,,,,10,,,,,,,,,,,,65,,
near,phy/vac/cas,1,TM-3,1581.1,16,6,2,3,,,,,,,,,,,,,20,,,,,,,,,,,0.5,0.5,,,,,,,,,,,,,,,,,,,,,,,,,,,,,,,,,,,,5,,,,,,,,,,,,70,,
near,phy/vac/cas,1,TM-3,1581.1,16,7,2,3,,,,,,,,,,,,,,,,,,,,,,,,,,,,,,,,,,,,,,,,,,,,,,,,,,,,,,,,,,,,,1,,,,,,,,,,,,100,,
near,phy/vac/cas,1,TM-3,1581.1,16,8,2,3,,,,,,,,,,,,,,,,,,,,,,,,,,,,,,,,0.5,,,,,,,,,,,,,,,,,,,,,,,,,,,,,,,,,,,,,,,,,100,,
near,phy/vac/cas,1,TM-3,1581.1,16,9,2,3,,,,,,,,,,,,,0.5,,,,,,,,,,,,0.5,,,,,,,,,,,,,,,,,,,,,,,,,,,,,,,,,,,,,,,,,,,,,,,,100,,
near,phy/vac/cas,1,TM-3,1581.1,16,10,2,3,,,,,,,,,0.5,,,,10,,,,,,,,,,,1,1,,,,,,,,,,,,,,,,,,,,,,,,,,,,,,,,,,,,,,,,,,,,,,,,100,,
far,phy/vac/cas,1,TM-4,1581,8,1,2,4,,,,,1,,,,1,,0.5,,5,,,,,,,,,,,,10,,,,,,0.5,,,,,0.5,,1,10,,,,,,,0.5,,,,,,0.5,,,,,,,,,1,,,1,25,,,,,,,,,5,
far,phy/vac/cas,1,TM-4,1581,8,2,2,4,,,,,0.5,,,,,,0.5,,30,,,,,,,,,,,,1,,,,,,0.5,,,,,,,0.5,,,,,,,,,,,,,,5,,,,,,,,,5,,,1,30,,,,,,,,,,
far,phy/vac/cas,1,TM-4,1581,8,3,2,4,,,,,0.5,,,,,,0.5,,50,,,,,,,,,,,,1,,,,,,,,,,,,,,0.5,,,,,,,,,,,,,5,,,,,,,,,10,,,5,15,,,,,,,,,1,
far,phy/vac/cas,1,TM-4,1581,8,4,2,4,,,,,,,,,,,1,,30,,,,,,,,,,,,25,,,,,,,,,,,,,1,,,,,,,,,,,,,,15,,,,,,,,,30,,,1,10,,,,,,,,,5,
far,phy/vac/cas,1,TM-4,1581,8,5,2,4,,,,,,,,,,,,,45,,,,,,,,,,,,10,,,,,,,,,,,,,1,,,,,,,,,,,,,,10,,,,,,,,,40,1,,5,5,,,,,,5,,,5,
far,phy/vac/cas,1,TM-4,1581,8,6,2,4,,,,,,,,,,,,,10,,,,,,,,,,,,0.5,,,,,,,,,,,,,,,,,,,,,,,,,,,1,,,,,,,,,20,40,,0.5,60,,,,,,,,,1,
far,phy/vac/cas,1,TM-4,1581,8,7,2,4,,,,,,,,,0.5,,,,20,,,,,,,,,,,,1,,,0.5,,,,,,,,,,,20,,,,,,,,,,,,,,,,,,,,,,35,60,,1,25,,,,,,,,,1,
far,phy/vac/cas,1,TM-4,1581,8,8,2,4,,,,,,,,,,,,,10,,,,,,,,,,,,,,,,,,,,,,,,,,25,,,,,,,,,,,,,,,,,,,,,,25,50,,0.5,45,,,,,,,,,5,
far,phy/vac/cas,1,TM-4,1581,8,9,2,4,,,,,,,,,,,,,15,,,,,,,,,,,,,,,,,,,,,,,,,,10,,,,,,,,,,,,,,,,,,,,,,25,30,,0.5,50,,,,,,60,,,15,
far,phy/vac/cas,1,TM-4,1581,8,10,2,4,,,,,,,,,1,,,,5,,,,,,,,,,,,,,,,,,,,,,,,,,5,,,,,,,0.5,,,,,,,,,,,,,,,30,15,,0.5,90,,,,,,5,,,0.5,
near,vac/phy/cas,1,TM-5,1587.8,11,1,3,5,,,,,0.5,,,,0.5,,0.5,,20,,,,,,,,,,,0.5,,,,0.5,,,1,,,,,,,,,0.5,,,1,,,,,,,,,,,0.5,,,,,,,10,15,,1,15,,,,,,0.5,,10,,
near,vac/phy/cas,1,TM-5,1587.8,11,2,3,5,,,,,,,0.5,,0.5,,0.5,,25,,,,,,,,,,,0.5,,,,0.5,,,0.5,,,,,,,,,,,,0.5,,,0.5,,,,,,,,1,,,,,,,5,10,,0.5,20,,,,,,0.5,0.5,10,,
near,vac/phy/cas,1,TM-5,1587.8,11,3,3,5,,,,,,,5,,0.5,,,,15,,,,,,,,,,,0.5,,,,0.5,,,,0.5,,,,,0.5,,,,,,0.5,,,,1,,,,,,,,,,,,,,25,10,,10,70,,,,,,,5,10,,
near,vac/phy/cas,1,TM-5,1587.8,11,4,3,5,,,,,,,,,0.5,,0.5,,10,,,,,,,,,,,0.5,0.5,,,0.5,,,,0.5,,,,,5,,,,,,0.5,,,5,,,,,,,,0.5,,,,,10,,10,20,,1,20,,,,,,5,1,10,,
near,vac/phy/cas,1,TM-5,1587.8,11,5,3,5,,,,,0.5,,1,,,,0.5,,5,,,,,,,,,,,0.5,,,,0.5,,,,,,,,,1,,,0.5,,,0.5,,,1,,,,,,,,1,,,,,10,,5,5,,0.5,25,,,,,,0.5,,,,
near,vac/phy/cas,1,TM-5,1587.8,11,6,3,5,,,,,0.5,,0.5,,1,,,,15,,,,,,,,,,,0.5,,,,0.5,,,0.5,,,,,,1,,,,,,,,,1,,,,,,,,,,,,,25,,5,10,,1,30,,,,,,1,,,,
near,vac/phy/cas,1,TM-5,1587.8,11,7,3,5,,,,,,,5,,0.5,,0.5,,15,,,,,,,,,,,0.5,,,,0.5,,,0.5,,,,,,,,,,,,1,,,10,,,,,,,,,,,,,15,,15,5,,1,25,,,,,,1,,,,
near,vac/phy/cas,1,TM-5,1587.8,11,8,3,5,,,,,,,,,,,0.5,,15,,,,,,,,,,,0.5,,,,0.5,,,0.5,,,,,,,,,,,,1,,,10,,,,,,,,,,,,0.5,10,,15,10,,5,20,,,,,,,,,,
near,vac/phy/cas,1,TM-5,1587.8,11,9,3,5,,,,,,,,,0.5,,1,,15,,,,,,,,,,,0.5,0.5,,,1,,,,,,,,,,,,,,,,,,5,,,,,,,,,,,,,,,15,15,,10,30,,,,,,,,15,,
near,vac/phy/cas,1,TM-5,1587.8,11,10,3,5,,,,,,,1,,,,5,,40,,,,,,,,,,,5,,,,,,,0.5,,,,,,,,,,,,0.5,,,1,,,,,,,,,,,,,,,20,10,,,30,,,,,,0.5,10,5,,
far,phy/vac/cas,1,TM-6,1588,11,1,3,6,,,,,15,,,,0.5,,0.5,,1,,,,5,,,,,,0.5,,1,,,5,,,,,,,,,,,,,,,1,,,20,,,,,,,,,,,1,,,,5,70,,,35,,,,,,,,,,
far,phy/vac/cas,1,TM-6,1588,11,2,3,6,,,,,10,,,,0.5,,,,1,,,,0.5,,,,,,0.5,,5,,,5,,,,,,,,1,0.5,,,,,,,,,5,,,,,,,0.5,,,,0.5,,,,10,5,,5,20,,,,,,0.5,,,5,
far,phy/vac/cas,1,TM-6,1588,11,3,3,6,,,,,10,,,,0.5,,0.5,,0.5,,,,5,,,,,,0.5,,25,,,1,,,,1,,,,10,1,,,,,,0.5,,,1,,,,,,,,,,,,1,,,,,,,10,,,1,,,,,,,
far,phy/vac/cas,1,TM-6,1588,11,4,3,6,,,,,15,,,,0.5,,0.5,,,,,,1,,,,,,1,,30,,,0.5,,,,,,,,25,,,,,,,,,,,,,,,,,1,,,,,,,,5,,,,1,,,,,,,,,,
far,phy/vac/cas,1,TM-6,1588,11,5,3,6,,,,,10,1,,,1,,0.5,5,,,,,5,,,,,,1,0.5,30,,,0.5,,,,,,,,10,,,,,,,,,,5,,,,,,,,,,,,,,,5,,,,,,,30,,,,,,,
far,phy/vac/cas,1,TM-6,1588,11,6,3,6,,,,,15,,,,,,,5,,,,,10,,,,,,,0.5,,,,,,,,,,,,10,,,,,,,,,,,,,,,,,,,,,,,,,5,,,,15,,,30,,,,,,,
far,phy/vac/cas,1,TM-6,1588,11,7,3,6,,,,,15,,,,0.5,,,0.5,,,,,15,,,,,,,,5,,,0.5,,,,,,,,10,,,,,,,,,,,,,,,,,0.5,,,,5,,,,10,1,,0.5,25,,,20,,,,,,,
far,phy/vac/cas,1,TM-6,1588,11,8,3,6,,,,,1,,,,,,,15,0.5,,,,5,,,,,,,,,,,1,,,,,,,,,,,,,,,,,,,,,,,,,,,,,,,,,15,15,,,30,,,15,,,5,,,,
far,phy/vac/cas,1,TM-6,1588,11,9,3,6,,,,,,,5,,,,,5,0.5,,,,,,,,,,,0.5,,,,,,,,,,,,,,,,,,,,,,,,,,,,,,,,,,,,,15,15,,,5,,,5,,,50,70,,,
far,phy/vac/cas,1,TM-6,1588,11,10,3,6,,,,,,,5,,,,,,10,,,,,,,,,,,,,,,,,,1,,,,,1,,,,,,,10,,,1,,,,,,,,,,,1,,10,,20,20,,5,20,,,,,,,,,10,
near,phy/vac/cas,1,TM-7,1668.5,3,1,4,7,,,,,,,1,,,,,,5,,,,,,,,,,,,,,,,,,,,,,,,,,,,,,,,,,,,,,,,,,,,,,,,0.5,5,,,20,,,,,,,,70,,
near,phy/vac/cas,1,TM-7,1668.5,3,2,4,7,,,,,,,5,,,,,,1,,,,,,,,,,,,,,,0.5,,,,,,,,,,,,,,,,,,,,,,,,,,,,,,,,,1,1,,,5,,,,,,,,90,,
near,phy/vac/cas,1,TM-7,1668.5,3,3,4,7,,,,,,,1,,,,0.5,,5,5,,,,,,,,,,,,,,,,,,,,,,,,,,,,,,,,,,,,,,,,,,,,,,,10,10,,,30,,,,,,0.5,,65,,
near,phy/vac/cas,1,TM-7,1668.5,3,4,4,7,,,,,,,1,,,,,,10,,,,,,,,,,,,,,,,,,,,,,,,,,,,,,,,,,,,,,,,,,,,,,,,25,35,,,50,,,,,,5,,15,10,
near,phy/vac/cas,1,TM-7,1668.5,3,5,4,7,,,,,,,10,,,,,,5,,,,,,,,,,,,,,,,,,,,,,,,,,,,,,,,,,,,,,,,,,,,,,,,15,20,,,15,,,,,,,,60,,
near,phy/vac/cas,1,TM-7,1668.5,3,6,4,7,,,,,,,25,,,,,,5,,,,,,,,,,,,,,,,,,,,,,,,,,,,,,,,,,,,,,,,,,,,,,,,5,15,,,25,,,,,,,,50,,
near,phy/vac/cas,1,TM-7,1668.5,3,7,4,7,,,,,,,,,0.5,,,,10,25,,,,,,,,,,,,,,1,,,5,,,,,,,,,,,,,,,,,,,,,,,,,,,,,,20,20,,,40,,,,,,5,10,30,,
near,phy/vac/cas,1,TM-7,1668.5,3,8,4,7,,,,,,,,,,,,,20,10,,,,,,,,,,,,,,,,,0.5,,,,,,,,,,,,,,,,,,,,,,,,,,,,,,35,25,,,45,,,,,,,,30,,
near,phy/vac/cas,1,TM-7,1668.5,3,9,4,7,,,,,,,,,,,,,10,,,,,,,,,,,,,,,,,,,,,,,,,,,,,,,,,,,,,,,,,,,,,,,,20,20,,,25,,,,,,,,40,,
near,phy/vac/cas,1,TM-7,1668.5,3,10,4,7,,,,,,,,,,,,,10,,,,,,,,,,,,,,,,,,,,,,,,,,,,,,,,,,,,,,,,,,,,,,,,35,30,,,30,,,,,,,,35,,
far,phy/vac/cas,1,TM-8,1668.5,5,1,4,8,,,,,,,,,0.5,,,,5,,,,,,,,,,,,,,,0.5,,,,,,,,,,,,,,,15,,,,,,,,,,,,,,,,10,,15,30,,,5,,,,,,1,5,,15,
far,phy/vac/cas,1,TM-8,1668.5,5,2,4,8,,,,,,,,,,,,,5,,,,,,,,,,,,,,,,,,,,,,,,,,,,,,,,,,,,,,,,,,,,5,,15,,15,10,,,10,,,,,,,,,10,
far,phy/vac/cas,1,TM-8,1668.5,5,3,4,8,,,,,,,,,,,0.5,,1,,,,,,,,,,,,,,,0.5,,,,,,,,,,,,,,,1,,,,,,,,,,,,,,,,20,,10,15,,,15,,,,,,0.5,,,10,
far,phy/vac/cas,1,TM-8,1668.5,5,4,4,8,,,,,,,,,,,,,1,,,,,,,,,,,,,,,0.5,,,,,,,,,,,,,,,5,,,,,,,,,,,,,,,,5,,15,15,,,5,,,,,,,,,10,
far,phy/vac/cas,1,TM-8,1668.5,5,5,4,8,,,,,,,,,,,,,1,,,,,,,,,,,,,,,0.5,,,,,,,,,,,,,,,10,,,,,,,,,,,,,,,,15,,10,15,,,15,,,,,,0.5,,,10,
far,phy/vac/cas,1,TM-8,1668.5,5,6,4,8,,,,,,,,,,,,,1,,,,,,,,,,,,,,,0.5,,,,,,,,,,,,,,,5,,,,,,,,,,,,,,,,10,,5,10,,,5,,,,,,,,,20,
far,phy/vac/cas,1,TM-8,1668.5,5,7,4,8,,,,,,,,,,,,,5,,,,,,,,,,,,,,,,,,,,,,,,,,,,,,20,,,,,,,,,,,,,,,,15,,25,45,,,15,,,,,,,,,25,
far,phy/vac/cas,1,TM-8,1668.5,5,8,4,8,,,,,,,,,,,,,15,,,,,,,,,,,,,,,,,,,,,,,,,,,,,,15,,,,,,,,,,,,,,,,5,,30,50,,,25,,,,,,,,,25,
far,phy/vac/cas,1,TM-8,1668.5,5,9,4,8,,,,,,,,,,,,,5,,,,,,,,,,,,,,,,,,,,,,,,,,,,,,,,,,,,,,,,,,,,,,,,20,30,,,25,,,,,,,,,45,
far,phy/vac/cas,1,TM-8,1668.5,5,10,4,8,,,,,,,,,,,,,,,,,,,,,,,,,,,,,,,,,,,,,,,,,,,,,,,,,,,,,,,,,,,,,15,5,,,20,,,,,,,20,,60,
near,vac/phy/cas,2,BT-9,1698.2,8,1,5,9,,,,,,,,,,,,,5,,,,,,,,,,,,,,,,,,,,,,,,,,,,,,,,,5,,,,,1,,,,,,,,,,10,,,,10,,,,,,,,50,,
near,vac/phy,2,BT-9,1698.2,8,2,5,9,,,,,,,,,,,,,1,,,,,,,,,,,,,,,,,,,0.5,,,,,,,,,,,,,,5,,,,,,,,,,,,,,,5,,,,,,,,,,,,90,,
near,vac/phy,2,BT-9,1698.2,8,3,5,9,,,,,,,,,,,0.5,,10,,,,,,,,,,,,,,,,,,,0.5,,,,,,,,,,,,,,,,,,,,,,,,,,,,,10,,,,,,,,,,,,70,,
near,vac/phy,2,BT-9,1698.2,8,4,5,9,,,,,,,,,,,0.5,,15,,,,,,,,,,,,,,,,,,,0.5,,,,,,,,,,,,,,1,,,,,,,,,,,,,,,10,,,,,,,,,,,,60,,
near,vac/phy,2,BT-9,1698.2,8,5,5,9,,,,1,,,,,,,1,,25,,,,,,,,,,,,,,,0.5,,,,0.5,,,,,,,,,,,,,,1,,,,,,,,,,,,,,,15,,,,,,,,,,,,40,,
near,vac/phy,2,BT-9,1698.2,8,6,5,9,,,,,,,,,,,,,15,,,,,,,,,,,,,,,0.5,,,,,,,,,,,,,,1,,,,0.5,,,,,,,,,,,,,,,20,,,,10,,,,,,,,30,,
near,vac/phy,2,BT-9,1698.2,8,7,5,9,,,,,,,,,,,,,10,,,,,,,,,,,,,,,,,,,,,,,,,,,,0.5,,5,,,,,,,,0.5,,,,,,,,,,15,,,,15,,,,,,,,30,,
near,vac/phy,2,BT-9,1698.2,8,8,5,9,,,,,,,,,,,,,15,,,,,,,,,,,,,,,,,,,,,,,,,,,,0.5,,1,,,,,,,,,,,,,,,,,,15,,,,10,,,,,,,,30,,
near,vac/phy,2,BT-9,1698.2,8,9,5,9,,,,,,,,,,,,,20,,,,,,,,,,,,,,,,,,,,,,,,,,,,,,1,,,,,,,,0.5,,,,,,,,,,15,,,,15,,,,,,,,15,,
near,vac/phy,2,BT-9,1698.2,8,10,5,9,,,,,,,,,,,,,5,,,,,,,,,,,,,,,0.5,,,,0.5,,,,,,,,,,,,,,,,,,,0.5,,,,,,,,,,10,,,,20,,,,,,,,35,,
far,vac/phy,2,BT-10,1698.4,9,1,5,10,,,,,,,,,,,,,,,,,,,,,,,,,,,,,,,,,,,,,,,,0.5,,,5,,0.5,,,,,,,,,,,,,,,,30,,,,15,,,,,,,,,80,
far,vac/phy,2,BT-10,1698.4,9,2,5,10,,,,,,,,,,,,,,,,,,,,,,,,,,,,0.5,,,,,,,,,,,,,0.5,,1,,,,,,,,,,,,,1,,,,,25,,,,10,,,,,,,,,80,
far,vac/phy,2,BT-10,1698.4,9,3,5,10,,,,,,,,,,,,,,,,,,,,,,,,,,,,,,,,,,,,,,,,1,1,,1,,,,,,,,,,,,,5,,,,,15,,,,20,,,,,,,,,60,
far,vac/phy,2,BT-10,1698.4,9,4,5,10,,,,0.5,,,,,,,,,1,,,,,,,,,0.5,,,,,,,,,,,,,,,,,,,,,5,,,,,,,,,,,,,,,0.5,,,10,,,,30,,,,,,,,,60,
far,vac/phy,2,BT-10,1698.4,9,5,5,10,,,,5,,,,,,,0.5,,5,0.5,,,,,,,,0.5,,,,,,,,,,,,,,,,,,,,,5,,,,,,,,,,,,,,,,,,5,,,,20,,,,,,,,,,
far,vac/phy,2,BT-10,1698.4,9,6,5,10,,,,0.5,,,,,,,,,1,1,,,,,,,,0.5,,,,,,,,,,,,,,,,,,,,,0.5,,,,,,,,,,,,,,,,,,35,,,,15,,,,,,,,,70,
far,vac/phy,2,BT-10,1698.4,9,7,5,10,,,,,,,,,,,,,0.5,,,,,,,,,,,,,,,,,,,,,,,,0.5,,,,,,0.5,,,,,,,,,,,,0.5,,,,,,45,,,,1,,,,,,,,,80,
far,vac/phy,2,BT-10,1698.4,9,8,5,10,,,,,,,,,,,,,1,,,,,,,,,,,,,,,,,,,0.5,,,,,1,,,,,,1,,,,,,,,,,,,1,,,,,,40,,,,5,,,,,,,,,70,
far,vac/phy,2,BT-10,1698.4,9,9,5,10,,,,,,,,,,,,,1,,,,,,,,,,,,,,,,,,,,,,,,,,,,,,10,,,,,,,,,,,,,,,,,,30,,,,15,,,,,,,,,60,
far,vac/phy,2,BT-10,1698.4,9,10,5,10,,,,,,,,,,,,,1,,,,,,,,,,,,,,,,,,,,,,,,,,,,,,1,,,,,,,,,,,,,,,,,,10,,,,5,,,,,,,,,70,
near,phy/vac,2,BT-11,1723.8,6,1,6,11,,,,,,,,,,,,,0.5,,,,,,,,,,,,,,,,,,,0.5,,,,,,,5,,,,,,,,,,,,,,,,,,,,,,10,,,,50,,,,,,,,5,1,
near,phy/vac,2,BT-11,1723.8,6,2,6,11,,,,,,,,,,,,,,0.5,,,,,,,,,,,,,,,,,,,,,,,,,5,,,,,,,,,,,,,,,,,,,,,,20,,,,30,,,,,,,,10,5,
near,phy/vac,2,BT-11,1723.8,6,3,6,11,,,,,,,,,,,,,,,,,,,,,,0.5,,,,,,,0.5,,,,,,,,,,,,,,,,,,,,,,,,,,,,,,,,15,,,,25,,,,,,,,20,10,
near,phy/vac,2,BT-11,1723.8,6,4,6,11,,,,,,,,,,,,,,,,,,,,,,0.5,,,,,,,0.5,,,0.5,,,,,,,,,,,,,,,,,,,,,,,,,,,,,5,,,,25,,,,,,,,60,1,
near,phy/vac,2,BT-11,1723.8,6,5,6,11,,,,,,,,,,,,,,,,,,,,,,,,,,,,,,,,,,,,,,,,,,,,,,,,,,,,,,,,,,,,,5,,,,,,,,,,,,80,1,10
near,phy/vac,2,BT-11,1723.8,6,6,6,11,,,,,,,,,,,,,,,,,,,,,,,,,,,,,,,,1,,,,,,,,,,,,,,,,,,,,,,,,,,,,,10,,,,5,,,,,,,,5,0.5,70
near,phy/vac,2,BT-11,1723.8,6,7,6,11,,,,,,,,,,,,,,,,,,,,,,,,,,,,,,,,,,,,,,,,,,,,,,,,,,,,,,,,,,,,,5,,,,10,,,,,,25,,30,1,40
near,phy/vac,2,BT-11,1723.8,6,8,6,11,,,,,,,,,,,,,,,,,,,,,,,,,,,,,,,,,,,,,,,,,,,,,,,,,,,,,,,,,,,,,5,,,,5,,,,,,1,,50,10,5
near,phy/vac,2,BT-11,1723.8,6,9,6,11,,,,,,,,,,,,,,,,,,,,,,,,,,,,,0.5,,,,,,,,,,,,,,,,,,,,,,,,,,,,,,,,5,,,,5,,,,,,,,70,20,10
near,phy/vac,2,BT-11,1723.8,6,10,6,11,,,,,,,,,0.5,,,,,,,,,,,,,1,,,,,,,,,,,,,,,,10,,,,,,,,,,,,,,,,,,,,,,,40,,,,,,,,,,70,,5,80,
far,phy/vac,2,BT-12,1722,17,1,6,12,,,,,,,,,0.5,,,,,,,,,,,,,,,,,,,,0.5,,,,,,,,,,,,,,,,,,,,,,,,,,,,,,,,10,,,,15,,,,,,,,,70,
far,phy/vac,2,BT-12,1722,17,2,6,12,,,,,,,,,,,,,,,,,,,,,,10,,,,,,,,,,,,,,,,,,,,,,,,,,,,,,,,,,,,,,,25,,,,40,,,,,,,,,25,
far,phy/vac,2,BT-12,1722,17,3,6,12,,,,,,,,,,,,,,,,,,,,,,,,,,,,,,,,,,,,,,,,,,,,,,,,,,,,,,,,,,,*,,20,,,,60,,,,,,5,,,20,
far,phy/vac,2,BT-12,1722,17,4,6,12,,,,5,,,,,,,,,,,,,,,,,,,,,,,,,,,,,,,,,,,,,,,,,,,,,,,,,,,,,,,,,20,,,,80,,,,,,5,,,15,
far,phy/vac,2,BT-12,1722,17,5,6,12,,,,,,,,,0.5,,,,,20,,,,,,,,,,,,,0.5,,,,,0.5,,,,,,,,,,,,,,,,,,,,,,,,,,,,,15,,,,25,,,,,,,,,60,
far,phy/vac,2,BT-12,1722,17,6,6,12,,,,1,,,,,,,,,,5,,,,,,,,5,,,,,,,0.5,,,0.5,,,,,,,,,,,,,,,,,,,,,,,,,,,,,30,,,,,,,,,,10,,,45,
far,phy/vac,2,BT-12,1722,17,7,6,12,,,,1,,,,,,,,,,1,,,,,,,,15,,,,,,,,,,,,,,,,,,,,,,,,,,,,,,,,,,,,,,,45,,,,,,,,,,20,,,15,
far,phy/vac,2,BT-12,1722,17,8,6,12,,,,1,,,,,,,,,,,,,,,,,,10,,,,,,,,,,,,,,,,,,,,,,,,,,,,,,,,,,,,,,,15,,,,,,,,,,80,,,10,
far,phy/vac,2,BT-12,1722,17,9,6,12,,,,,,,,,,,,,,5,,,,,,,,,,,,,,,,,,,,,,,,,,,,,,,,,,,,,,,,,,,,,,,60,,,,,,,,,,60,,,15,
far,phy/vac,2,BT-12,1722,17,10,6,12,,,,,,,,,,,,,,,,,,,,,,,,,,,,,0.5,,,,,,,,,,,,,,,,,,,,,,,,,,,,,,,,40,,,,,,,,,,60,,,10,
near,cas/vac/car,2,BT-13,1740.2,12,1,7,13,,,,0.5,,,,,0.5,,,,10,1,,,,,,,,,,,,,,,,,,5,,,,,,,,,,,,,,,,,0.5,,,,,,,,,,,,10,,,,,,,,,,,,70,,
near,cas/vac/car,2,BT-13,1740.2,12,2,7,13,,,,1,,,,,1,,,,10,,,,,,,,,,,,,,,,,,,1,,,,,,,,,,,,0.5,,,,,,0.5,,1,,,,,,,,,5,,,,,,,,,,0.5,,90,,
near,cas/vac/car,2,BT-13,1740.2,12,3,7,13,,,,,,,,,0.5,,,,10,0.5,,,,,,,,,,,,,,,,,,1,,,,,,,,,,,,,0.5,,,,,,,0.5,,,,,,,,,15,,,,,,,,,,,,70,,
near,cas/vac/car,2,BT-13,1740.2,12,4,7,13,,,,,,,,,0.5,,,,15,5,,,,,,,,1,,,,,,,,,,5,,,0.5,,,,,,,,,,,,,,,,,,,,,,,,,,15,,,,,,,,,,,,35,,
near,cas/vac/car,2,BT-13,1740.2,12,5,7,13,,,,,,,,,0.5,,,,15,0.5,,,,,,,,,,,,,,,,,,5,,,,,,,,,,,,,,,,,,,,,,,,,,,,,15,,,,,,,,,,0.5,,25,10,
near,cas/vac/car,2,BT-13,1740.2,12,6,7,13,,,,0.5,,,,,,,,,30,5,,,,,,,,,,,,,,,,,,,,,,,,,,,,,,,,,,,,,,0.5,,,,,,,,,15,60,,,,,,,,,30,,45,,
near,cas/vac/car,2,BT-13,1740.2,12,7,7,13,,,,1,,,,,,,,,35,5,,,,,,,,,,,,,,,,,,1,,,,,,,,,,,,,,,,,,,,,,,,,,,,,15,0.5,,,,,,,,,10,,20,,
near,cas/vac/car,2,BT-13,1740.2,12,8,7,13,,,,1,,,,,,,,,10,,,,,,,,,,,,,,,,,,,0.5,,,0.5,,,,,,,,,,,,,,,,0.5,,,,,,,,,,5,30,,,,,,,,,5,,50,,
near,cas/vac/car,2,BT-13,1740.2,12,9,7,13,,,,5,,,,,,,,,1,1,,,,,,,,1,,,,,,,,,,1,,,,,,,,,,,,,,,,,,,,,,,,,,,,,5,70,,,,,,,,,1,,20,,
near,cas/vac/car,2,BT-13,1740.2,12,10,7,13,,,,10,,,,,0.5,,,,5,0.5,,,,,,,,5,,,,,0.5,,,,,0.5,,,,,,,,,,,,,,,,,,,,0.5,,,,,,,,,30,45,,,,,,,,,35,,15,,
far,cas/phy/vac,2,BT-14,1742.7,21,1,7,14,,,,1,,,,,0.5,,,,1,10,,,,,,,,5,,,,,,,,,,,,,,,5,,,,,,1,,,1,,,,,,0.5,,,5,,,,,,1,25,5,,0.5,,,,,,15,,,25,
far,cas/phy/vac,2,BT-14,1742.7,21,2,7,14,,,,1,,,,,,,,,,0.5,,,,,,,,,,,,,,,,,,0.5,,,,,,,,,,,,,,,,,,,,,,,,,,,,,1,50,,,50,,,,,,,,,,
far,cas/phy/vac,2,BT-14,1742.7,21,3,7,14,,,,1,,,,,,,,,,,,,,,,,,1,,,,,,,,,,,,,,,,,,,,,,,,,,,,,,,,,,,,,,,1,1,,,90,,,,,,,,,,
far,cas/phy/vac,2,BT-14,1742.7,21,4,7,14,,,,0.5,,,,,,,0.5,,1,0.5,,,,,,,,1,,,,,,,,,,,,,,,,,,,,,1,,,,,,,,,,,,1,1,,,,,5,15,,,25,,,,,,,,10,10,
far,cas/phy/vac,2,BT-14,1742.7,21,5,7,14,,,,0.5,,,,,,,,,1,0.5,,,,,,,,5,,,,,,,,,,,,,,,,,,,,,,,,,,,,,,,,,,,,,,,1,70,,,,,,,,,,,5,10,
far,cas/phy/vac,2,BT-14,1742.7,21,6,7,14,,,,0.5,,,,,,,,,1,1,,,,,,,,1,,,,,,,,,,0.5,,,0.5,,,,,,,,,,,,,,,,,,,,,,,,,,5,70,,,,,,,,,0.5,,5,5,
far,cas/phy/vac,2,BT-14,1742.7,21,7,7,14,,,,0.5,,,,,,,,,1,1,,,,,,,,,,,,,,,,,,0.5,,,0.5,,,,,,,,,,,,,1,,,,1,,,,,,,,,15,40,,,,,,,,,5,,10,10,
far,cas/phy/vac,2,BT-14,1742.7,21,8,7,14,,,,0.5,,,,,,,0.5,,0.5,0.5,,,,,,,,10,,,,,,,,,,0.5,,,,,,,,,,,,,,1,,,,,1,0.5,,,,,,,,,10,10,,,,,,,,,1,,10,,
far,cas/phy/vac,2,BT-14,1742.7,21,9,7,14,,,,,,,,,,,0.5,,5,0.5,,,,,,,,,,,,,0.5,,0.5,,,,,,,,,,,,,,,,1,,,,,,,0.5,,,,,,,,,25,,,,,,,,,,10,,,35,
far,cas/phy/vac,2,BT-14,1742.7,21,10,7,14,,,,,,,,,,,0.5,,1,1,,,,,,,,,,,,,0.5,,0.5,,,,,,0.5,,,,,1,,,,,,,,,,,,0.5,,,,,,,,,20,10,,,,,,,,,10,,10,30,
near,car/phy/cas,2,BT-15,1983.2,12,1,8,15,,,,,,,,,,,,,1,,,,,,,,,,,,,,,,,,,,,,,,,,,,,,,,,,,,,,,,,,,,,,,,,1,,,,,,,,,,,60,,30
near,car/phy/cas,2,BT-15,1983.2,12,2,8,15,,,,,,,,,,,,,0.5,,,,,,,,,,,,,,,,,,,,,,,,,,,,,,,,,,,,,,,,,,,,,,,,,1,,,,,,,,,,,50,5,35
near,car/phy/cas,2,BT-15,1983.2,12,3,8,15,,,,,,,,,,,,,,,,,,,,,,,,,,,,,,5,,,,,,,,,,,,,,,,,,,,,,,,,,,,,,,,,,,,0.5,,,,,,,60,,30
near,car/phy/cas,2,BT-15,1983.2,12,4,8,15,,,,,,,,,,,,,1,,,,,,,,0.5,,,,,,,,,,,,,,,,,0.5,,,,,,,,,,,,,,,,,,,,,,,,0.5,,,,0.5,,,,,,,20,,60
near,car/phy/cas,2,BT-15,1983.2,12,5,8,15,,,,,,,,,,,,,,,,,,,,,,,,,,,,,,,,,,,,,,1,,,,,,,,,,,,,,,,,,,,,,,,1,,,,,,,,,,,40,,50
near,car/phy/cas,2,BT-15,1983.2,12,6,8,15,,,,,,,,,,,,,1,,,,,,,,,,,,,,,,,,,,,,,,,0.5,,,,,,,,,,,,,,,,,,,,,,,,0.5,,,,0.5,,,,,,,20,,80
near,car/phy/cas,2,BT-15,1983.2,12,7,8,15,,,,,,,,,,,,,5,,,,,,,,,,,,,,,,,,,,,,,,,,,,,,,,,,,,,,,,,,,,,,,,,5,,,,0.5,,,,,,,25,,35
near,car/phy/cas,2,BT-15,1983.2,12,8,8,15,,,,,,,,,,,,,0.5,,,,,,,,,,,,,,,,,,,,,,,,,,,,,,,,,,,,,,,,,,,,,,,,,1,,,,5,,,,,0.5,,40,,25
near,car/phy/cas,2,BT-15,1983.2,12,9,8,15,,,,,,,,,,,,,1,,,,,,,,,,,,,,,,,,,,,,,,,,,,,,,,,,,,,,,,,,,,,,,,,1,,,,1,,,,,,,25,,40
near,car/phy/cas,2,BT-15,1983.2,12,10,8,15,,,,,,,,,,,,,0.5,,,,,,,,,,,,,,,,,,,,,,,,,,,,,,,,,,,,,,,,,,,,,,,,,,,,,,,,,,,,60,,30
far,phy,2,BT-16,1983.1,25,1,8,16,,,,,,,,,,,,,5,,,,,,,,,,,,,,,,,,,,,,,,,,,,,,,,,,,1,,,,,,,1,,,,,,,25,,,,,10,,,,25,,,25,20
far,phy,2,BT-16,1983.1,25,2,8,16,,,,,,,,,,,,,0.5,,,,,,,,0.5,,,,,,,,,,,,,,,,,1,0.5,,,,,,,,,,,,,,,,,,,,,,,30,,,,10,1,,,,50,,,10,25
far,phy,2,BT-16,1983.1,25,3,8,16,,,,,,,,,,,,,0.5,,,,,,,1,0.5,,,,,,,,,,,,,,,,,0.5,,,,,,,,,,,,,,,,,,,,,,,,,,,,5,,,,,10,,,5,90
far,phy,2,BT-16,1983.1,25,4,8,16,,,,,,,,,,,,,0.5,,,,,,,,0.5,,,,,,,,,,,,,,,,,5,,,,,,,,,,,,,,,,,,,,,,,,,,,,10,,,,,,,20,,35
far,phy,2,BT-16,1983.1,25,5,8,16,,,,,,,,,,,,,0.5,,,,,,,,,,,,,,,,,,,,,,,,,5,,,,,,,,,,,,,,,,,,,,,,,,,,,,25,,,,,1,,,,50
far,phy,2,BT-16,1983.1,25,6,8,16,,,,,,,,,,,,,,,,,,,,,,,,,,,,,,,,,,,,,,0.5,0.5,,,,,,,,,,,,,,,,,,,,,,,,,,,0.5,,,,,,,,,95
far,phy,2,BT-16,1983.1,25,7,8,16,,,,,,,,,,,,,,,,,,,,,,,,,,,,,,,,,,,,,,,,,,,,,,,,,,,,,,,,,,,,,,,,,,5,,,,,50,,,1,60
far,phy,2,BT-16,1983.1,25,8,8,16,,,,,,,,,,,,,,,,,,,,,,,,,,,,,,,,,,,,,,5,,,,,,,,,,,,,,,,,,,,,,,,,,,,15,,,,,,,50,,25
far,phy,2,BT-16,1983.1,25,9,8,16,,,,,,,,,,,,,,,,,,,,,0.5,,,,,,,,,,,,,,,,,0.5,,,,,,,,,,,,,,,,,,,,,,,,,,,,10,,,,,,,40,,35
far,phy,2,BT-16,1983.1,25,10,8,16,,,,,,,,,,,,,,,,,,,,,,,,,,,,,,,,,,,,,,0.5,,,,,,,,,,,,,,,,,,,,,,,,,,,,30,,,,,0.5,,20,,25
near,cas,3,PR-17,1769.9,9,1,9,17,,,,,,,0.5,,,,0.5,,10,,,,,,,,,,,,,,,,,,0.5,0.5,,0.5,,,,,,,,,,,,,,,,,,,,,,,,,,,,5,,,,,,,,,0.5,,90,,
near,cas,3,PR-17,1769.9,9,2,9,17,,,,,,,,,,,,,5,,,,,,,,,,,,,,,,,,,,,,,,,,,,,,,,,,,,,,,,,,,,,,,,,,,,,,,,,,,,90,,
near,cas,3,PR-17,1769.9,9,3,9,17,,,,,,,,,,,,,,,,,,,,,,,,,,,,,,,,,,,,,,,,,,,,,,,,,,,,,,,,,,,,,,,,,,,,,,,0.5,,100,,
near,cas,3,PR-17,1769.9,9,4,9,17,,,,,,,,,,,,,10,,0.5,,,,,,,,,,,,,,,,,,,,,,,,,,,,,,,,,,,,,,,,,,,,,,,,,,,,,,,,,,90,,
near,cas,3,PR-17,1769.9,9,5,9,17,,,,,,,,,,,0.5,,5,,,,,,,,,,,,,,,,,,10,,,,0.5,,,5,,,,,,,,,,,,,,,,,,,,,,,,1,,,,,,,,,,,80,,
near,cas,3,PR-17,1769.9,9,6,9,17,,,,,,,,,,,1,,10,,,,,0.5,,,,,,,,,,,,,1,5,,,,,,,,,,,,,,,,,,,,,,,,,,,,,,,,,,,,,,,,,70,,
near,cas,3,PR-17,1769.9,9,7,9,17,,,,,,,,,,,1,,15,,,,,,,,,,,,,,,,,,,25,,,,,,,,,,,,,,,,,,,,,,,,,,,,,,5,,,,,,,,,,,35,,
near,cas,3,PR-17,1769.9,9,8,9,17,,,,,,,15,,,,0.5,,10,,,,,,,,,,,,,,,,,,5,5,,,0.5,,,,,,,,,,,,,,,,,,,,,,,,5,,,45,,,,,,,,,,,20,,
near,cas,3,PR-17,1769.9,9,9,9,17,,,,,,,5,,,,,,40,,,,,,,,,,,,,,,,,,5,1,,,1,,,,,,,,,,,,,,,,,,,,,,,,,,,,,,,,,,,,,,50,,
near,cas,3,PR-17,1769.9,9,10,9,17,,,,,,,,,,,,,1,,,,,,,,,,,,,,,,,,,,,,,,,,,,,,,,,,,,,,,,,,,,,,,,,,,,,,,,,,,,95,,
far,cas/phy,3,PR-18,1769.9,9,1,9,18,,,,,0.5,,20,0.5,,,0.5,,1,,,,,0.5,,,,0.5,,,,,,,,,0.5,,,0.5,,,,15,,,,,,,,,,,,,,,,,,,,,5,,,5,,,1,5,,,,,0.5,,,1,
far,cas/phy,3,PR-18,1769.9,9,2,9,18,,,,,,,,0.5,,,0.5,,5,,,,,,,,,,,,,,,,,,0.5,,,0.5,,,,15,,,,,,,,,,,,,,,,,,,,,1,,,30,,,5,,,,,,0.5,,,5,
far,cas/phy,3,PR-18,1769.9,9,3,9,18,,,,,,,,,,,0.5,,5,,,,,,,,,,,,,,,,,,0.5,,,0.5,,,,35,,,,,,,,,,,,,,0.5,,,,,,,1,,,20,,,5,,,,,,,,,1,
far,cas/phy,3,PR-18,1769.9,9,4,9,18,1,,,0.5,1,0.5,,0.5,0.5,,0.5,,0.5,,,,,1,,,,,,,,,,0.5,,,0.5,0.5,,0.5,0.5,,,15,,,,,,,,,,,,,,0.5,,,,,,,1,,,5,,,15,,,,,,0.5,,,0.5,
far,cas/phy,3,PR-18,1769.9,9,5,9,18,0.5,,,,1,0.5,,0.5,1,,1,,1,,,,,5,,,,1,0.5,,,,,0.5,,,0.5,0.5,,0.5,0.5,,,30,,,,,,,,,,,,,,0.5,,,,,,,10,,,5,,,,,,,,,0.5,,,,
far,cas/phy,3,PR-18,1769.9,9,6,9,18,,,,0.5,1,1,,0.5,,,1,,5,,,,,5,,,,1,0.5,,,,,,,,0.5,0.5,,0.5,,,,0.5,1,,,,,,,,,,,,,0.5,,,,,,,5,,,10,,,10,,,,,,,,,,
far,cas/phy,3,PR-18,1769.9,9,7,9,18,0.5,,,,10,,,,,,1,,10,,,,,5,,,,,,,,,,,,,,0.5,,,,,,,,,,,,,,,,,,,,,,,,,,,,,,70,,,15,,,,,,,,,5,
far,cas/phy,3,PR-18,1769.9,9,8,9,18,,,,,5,1,,,,,0.5,,15,,,,,1,,,,,,,,,,,,,,,,,,,,5,,,,,,,,,,,,,,,,,,,,,,,,90,,,,,,,,,,,,1,
far,cas/phy,3,PR-18,1769.9,9,9,9,18,,,,,,,,,,,0.5,,35,,,,,,,,,,,,,,,,,,,0.5,,,,,,15,,,,,,,,,,,,,,,,,,,,,,,,40,,,15,5,,,,,,,,1,
far,cas/phy,3,PR-18,1769.9,9,10,9,18,,,,1,,,,,,,0.5,,15,,,,,,,,,,,,,,,,,,,,,,,,,5,,,,,,,,,,,,,,,,,,,,,,,,30,,,15,10,,,,,0.5,,,5,
near,vac,3,PR-19,1758.7,NA,1,10,19,,,,,,,,,,,0.5,,1,,,,,,,,,,,,,,,,,,5,,,1,,,,0.5,,,,,,,,,,,,,,,,,,,,,,,0.5,,,,0.5,,,,,,,,80,10,
near,vac,3,PR-19,1758.7,NA,2,10,19,,,,,,,,,0.5,,1,,15,,,,,,,,,,,,,,,0.5,,,1,,,0.5,,,,0.5,,,,,,,,,,,,,,,,,,,,,,,5,1,,0.5,,,,,,,,,35,5,10
near,vac,3,PR-19,1758.7,NA,3,10,19,,,,,,,,,0.5,,1,,45,,,,,,,,,,,,,,,0.5,,,1,,,0.5,,,,0.5,,,,,,,,,,,,,,,,,,,,,,,5,1,,0.5,5,,,,,,,,10,1,
near,vac,3,PR-19,1758.7,NA,4,10,19,,,,,,,,,,,0.5,,20,,,,,,,,,,,,,,,0.5,,,5,10,,1,,,,,,,,,,,,,,,,,,,,,,,,,,,5,5,,,15,,,,,,,,15,0.5,
near,vac,3,PR-19,1758.7,NA,5,10,19,,,,,,,,,,,1,,5,,,,,,,,,,,,,,,1,,,10,5,,1,,,,0.5,,,,,,,,,,,,,,0.5,,,,,,,,,0.5,0.5,,,,,,,,,,,20,1,
near,vac,3,PR-19,1758.7,NA,6,10,19,,,,,,,,,,,0.5,,1,,,,,,,,,,,,,,,0.5,,,10,,,5,,,,0.5,,,,,,,,,,,,,,,,,,,,,,,,,,,,,,,,,,,35,5,
near,vac,3,PR-19,1758.7,NA,7,10,19,1,,,,,,,,,,0.5,,0.5,,,,,,,,,,,,,,,0.5,,,10,,,0.5,,,,5,,,,,,,,,,,,,,,,,,,,,,,,0.5,,0.5,,,,,,,,,60,1,
near,vac,3,PR-19,1758.7,NA,8,10,19,5,,,,,,,,,,0.5,,1,,,,,,,,,,,,,,,0.5,,,5,,,0.5,,,,1,,,,,,,,,,,,,,,,,,,,,,,,0.5,,,,,,,,,,,15,5,
near,vac,3,PR-19,1758.7,NA,9,10,19,15,,,,1,,,,0.5,,,,5,,,,,,,,,,,,,,,0.5,,,1,,,0.5,,,,5,1,,,,,,,,,,,,,0.5,,,,,,,,,,,,,,,,,,,,,15,0.5,
near,vac,3,PR-19,1758.7,NA,10,10,19,1,,,,0.5,,,,0.5,,,,1,,,,,,,,,,,,,,,,,,10,1,,1,,,,1,,,,,,,,,,,,,,,,,,,,,,,,0.5,,,,,,,,,,,20,0.5,
far,cas/vacc/phy/car,3,PR-20,1758.3,2,1,10,20,,,,,,,60,,0.5,,0.5,,15,,,,,,,,,,,,,,,1,,,,,,,,,,15,,,,,,,,,,,,,,,,,,,,,,,40,25,,5,10,,,,,,0.5,,1,,
far,cas/vacc/phy/car,3,PR-20,1758.3,2,2,10,20,,,,,,,40,,0.5,,0.5,,15,,,,,,,,,,,,,,,0.5,,,,,,,,,,10,,,,,,,,,,,,,,,,,,,,,,,30,25,,5,5,,,,,,,,15,,
far,cas/vacc/phy/car,3,PR-20,1758.3,2,3,10,20,,,,,,,35,,0.5,,,,10,,,,,,,,,,,,,,,0.5,,,,,,,0.5,,,5,,,,,,,,,,,,,,,,,,,,,,,40,20,,1,5,,,,,,,,,15,
far,cas/vacc/phy/car,3,PR-20,1758.3,2,4,10,20,,,,,,,20,,,,0.5,,10,,,,,,,,,,,,,,,0.5,,,,,,,1,,,15,,,,,,,,,,,,,,,,,,,,,50,,20,15,,5,5,,,,,,,,,,
far,cas/vacc/phy/car,3,PR-20,1758.3,2,5,10,20,,,,,,,45,,0.5,,0.5,,15,,,,,,,,,,,,,,,0.5,,,0.5,,,,,,,10,,,,,,,,,,,,,,,,,,,,,10,,35,15,,10,25,,,,,,,,,,
far,cas/vacc/phy/car,3,PR-20,1758.3,2,6,10,20,,,,,,,,,,,0.5,,15,,,,,,,,,,,,,,,0.5,,,5,0.5,,,,,,25,,,,,,,,,,,,,,,,,,,,,,,35,20,,10,15,,,,,,,,5,,
far,cas/vacc/phy/car,3,PR-20,1758.3,2,7,10,20,,,,,,,,,0.5,,0.5,,25,,,,,,,,,,,,,,,0.5,,,1,0.5,,,,,,20,,,,,,,,,,,,,,,,,,,,,,,30,25,,10,,,,,,,,,5,,
far,cas/vacc/phy/car,3,PR-20,1758.3,2,8,10,20,,,,,,,,,0.5,,0.5,,20,,,,0.5,,,,,,,,,,,,,,15,0.5,,,0.5,,,15,,,,,,,,,,,,,,,,,,,,,10,,20,25,,5,5,,,,,,,,,,
far,cas/vacc/phy/car,3,PR-20,1758.3,2,9,10,20,,,,,,,,,0.5,,0.5,,40,,,,,,,,,,,,,,,1,,,10,5,,,,,,5,,,,,,,,,,,,,,,,,,,,,5,,5,45,,,,,,,,,,,,,
far,cas/vacc/phy/car,3,PR-20,1758.3,2,10,10,20,,,,,,,,,0.5,,0.5,,25,,,,,,,,,,,,,,,,,,5,1,,,,,,15,,,,,,,,,,,,,,,,,,,,,,,,40,,,,,,,,,0.5,,,,
near,car/vac/phy/cas,3,PR-21,1765.6,5,1,11,21,,,,,,,,,,,,,1,,,,,,,,,,,,,,,,,,35,1,,,,,,,,,,,,,,,,,,,,,,,,,,,,,0.5,,,,,,,,,,,,50,,
near,car/vac/phy/cas,3,PR-21,1765.6,5,2,11,21,,,,,,,,,,,,,20,,,,,,,,,,,,,,,,,,20,0.5,,,,,,,,,,,,,,,,,,,,,,,,,,,,,25,20,,,,,,,,,,,30,,
near,car/vac/phy/cas,3,PR-21,1765.6,5,3,11,21,,,,,,,,,,,,,1,,,,,,,,,,,,,,,,,,10,5,,,5,,,,,,,,,,,,,,,,,,,,,,,,,,1,,,,,,,,,,,,45,,
near,car/vac/phy/cas,3,PR-21,1765.6,5,4,11,21,,,,,,,,,,,,,0.5,,,,,,,,,,,,,,,,,,1,1,,,0.5,,,,,,,,,,,,,,,,,,,,,,,,,,0.5,,,,,,,,,,,,90,,
near,car/vac/phy/cas,3,PR-21,1765.6,5,5,11,21,,,,,,,,,,,,,1,,,,,,,,,,,,,,,0.5,,,0.5,1,,,0.5,,,,,,,,,,,,,,,,,,,,,,,,,,0.5,1,,,,,,,,,,,90,,
near,car/vac/phy/cas,3,PR-21,1765.6,5,6,11,21,,,,,,,,,,,,,10,,,,,,,,,,,,,,,,,,0.5,1,,,5,,,,,,,,,,,,,,,,,,,,,,,,,,5,,,,,,,,,,,,80,,
near,car/vac/phy/cas,3,PR-21,1765.6,5,7,11,21,,,,,,,,,,,,,5,,,,,,,,,,,,,,,,,,1,5,,,0.5,,,,,,,,,,,,,,,,,,,,,,,,,,5,,,,,,,,,,,,80,,
near,car/vac/phy/cas,3,PR-21,1765.6,5,8,11,21,,,,,,,,,,,,,10,,,,,,,,,,,,,,,,,,0.5,5,,,0.5,,,,,,,,,,,,,,,,,,,,,,,,,,35,1,,,15,,,,,,,,50,,
near,car/vac/phy/cas,3,PR-21,1765.6,5,9,11,21,,,,,,,,,,,,,5,,,,,,,,,,,,,,,,,,0.5,1,,,,,,1,,,,,,,,,,,,,,,,,,,,,,,20,,,,5,,,,,,,,75,,
near,car/vac/phy/cas,3,PR-21,1765.6,5,10,11,21,,,,,,,,,,,,,5,,,,,,,,,,,,,,,,,,,0.5,,,,,,10,,,,,,,,,,,,,,,,,,,,,,,30,,,,25,,,,,,5,,60,,
far,cas/vac/phy,3,PR-22,1765.9,4,1,11,22,,,,,,,,,,,1,,40,,,,,,,,,,,,,,,0.5,,,40,,,,,,,15,,,,,,,,,,,,,,1,,,,,,,,,1,15,,,,,,,,,,,,25,
far,cas/vac/phy,3,PR-22,1765.9,4,2,11,22,,,,,,,,,,,1,,30,,,,,,,,,,,,,,,,,,15,0.5,,,,,,5,,,,,,,,,,,,,,,,,,,,,,,,40,,,,,,,,,,,,10,
far,cas/vac/phy,3,PR-22,1765.9,4,3,11,22,,,,,,,,,,,1,,35,,,,,,,,,,,,,,,0.5,,,10,0.5,,,,,,5,,,,,,,,,,,,,,,,,,,,,,,,50,,,,,,,,,0.5,,,15,
far,cas/vac/phy,3,PR-22,1765.9,4,4,11,22,,,,,,,,,0.5,,1,,20,,,,,,,,,,,,,,,,,,15,,,,,,,1,,,,,,,,,,,,,,,,,,,,,,,5,35,,,,,,,,,,,,25,
far,cas/vac/phy,3,PR-22,1765.9,4,5,11,22,,,,,,,,,0.5,,0.5,,20,,,,,,,,,,,,,,,0.5,,,5,0.5,,,,,,1,,,,,,,,,,,,,,,,,,,,,,,5,45,,,5,,,,,,,,,25,
far,cas/vac/phy,3,PR-22,1765.9,4,6,11,22,,,,,,,,,,,,,30,,,,,,,,,,,,,,,0.5,,,5,,,,,,,0.5,,,,,,,,,,,,,,,,,,,,,,,10,40,,,,,,,,,,,,25,
far,cas/vac/phy,3,PR-22,1765.9,4,7,11,22,,,,,,,,,,,,,20,,,,,,,,,,,,,,,,,,0.5,0.5,,,,,,5,,,,,,,,,,,,,,,,,,,,,,,5,30,,,0.5,,,,,,,,,25,
far,cas/vac/phy,3,PR-22,1765.9,4,8,11,22,,,,,,,,,,,0.5,,40,,,,,,,,,,,,,,,0.5,,,0.5,,,,,,,5,,,,,,,,,,,,,,,,,,,,,,,15,40,,,15,,,,,,,,,15,
far,cas/vac/phy,3,PR-22,1765.9,4,9,11,22,,,,,,,,,0.5,,1,,30,,,,0.5,,,,,,,,,,,,,,,,,,,,,10,,,,,,,,,,,,,,,,,,,,,,,25,40,,,1,,,,,,,,,20,
far,cas/vac/phy,3,PR-22,1765.9,4,10,11,22,,,,,,,,,0.5,,0.5,,30,,,,0.5,,,,,,,,,,,,,,0.5,0.5,,,,,,5,,,,,,,,,,,,,,,,,,,,,,,30,45,,,15,,,,,,,,,,
near,phy/cas/vac,3,PR-23,1796.8,3,1,12,23,,,,,,,,,,,,,1,,,,,,,,,,,,,,,0.5,,,0.5,,,,0.5,,,,,,,,,,,,,,,,,,,,,,,,,,,1,,,,,,,,,,,50,40,
near,phy/cas/vac,3,PR-23,1796.8,3,2,12,23,,,,,,,,,,,0.5,,10,,,,,,,,,,,,,,,0.5,,,0.5,,,,,,,,,,,,,,,,,,,,,,,,,,,,,,0.5,10,,,,,,,,,,,20,40,5
near,phy/cas/vac,3,PR-23,1796.8,3,3,12,23,,,,,,,,,,,0.5,,1,,,,,,,,,,,,,,,0.5,,,,,,,,,,,,,,,,,,,,,,,,,,,,,,,,,,,,,,,,,,,0.5,,70,35,
near,phy/cas/vac,3,PR-23,1796.8,3,4,12,23,,,,,,,,,,,,,0.5,,,,,,,,,,,,,,,0.5,,,0.5,,,,,,,,,,,,,,,,,,,,,,,,,,,,,,,,,,,,,,,,,,90,10,1
near,phy/cas/vac,3,PR-23,1796.8,3,5,12,23,,,,,,,,,,,0.5,,0.5,,,,,,,,,,,,,,,,,,0.5,,,,,,,,,,,,,,,,,,,,,,,,,,,,,,,0.5,,,,,,,,,,,90,20,1
near,phy/cas/vac,3,PR-23,1796.8,3,6,12,23,,,,,,,,,,,,,1,,,,,,,,,,,,,,,,,,0.5,,,,,,,,,,,,,,,,,,,,,,,,,,,,,,,0.5,,,,,,,,,0.5,,75,20,10
near,phy/cas/vac,3,PR-23,1796.8,3,7,12,23,,,,,,,,,,,,,15,,,,,,,,,,,,,,,0.5,,,0.5,,,,,,,,,,,,,,,,,,,,,,,,,,,,,,,,,,,,,,,,,,70,10,15
near,phy/cas/vac,3,PR-23,1796.8,3,8,12,23,,,,,,,,,,,0.5,,1,,,,,,,,,,,,,,,,,,0.5,,,,,,,,,,,,,,,,,,,,,,,,,,,,,,,,,,,,,,,,,,80,5,10
near,phy/cas/vac,3,PR-23,1796.8,3,9,12,23,,,,,,,,,,,0.5,,10,,,,,,,,,,,,,,,0.5,,,0.5,,,,,,,,,,,,,,,,,,,,,,,,,,,,,,,,,,,,,,,,0.5,,80,5,10
near,phy/cas/vac,3,PR-23,1796.8,3,10,12,23,,,,,,,,,,,0.5,,5,,,,,,,,,,,,,,,,,,1,,,,,,,,,,,,,,,,,,,,,,,,,,,,,,,0.5,,,0.5,,,,,,,,80,10,5
far,car/cas,3,PR-24,1797,2,1,12,24,,,,,,,,,,,,,1,,,,,,,,,,,,,,,,,,,,,0.5,,,,0.5,0.5,,,,,,,,,,,,,,,,,,,,,,1,60,,,,,,,,,0.5,,,20,
far,car/cas,3,PR-24,1797,2,2,12,24,,,,,,,,,,,,,1,,,,,,,,,,,,,,,,,,,,,,,,,5,1,,,,,,,,,,,,,,,,,,,,,,,20,,,,,,,,,0.5,,,30,15
far,car/cas,3,PR-24,1797,2,3,12,24,,,,,,,,,,,0.5,,5,,,,,,,,,,,,,,,,,,,,,,,,,0.5,0.5,,,,,,,,,,,,,,,,,,,,,,,40,,,,,,,,,1,,,40,
far,car/cas,3,PR-24,1797,2,4,12,24,,,,,,,,,,,0.5,,5,,,,,,,,,,,,,,,,,,,,,,,,,,,,,,,,,,,,,,,,,,,,,,,,,35,,,,,,,,,1,,,30,
far,car/cas,3,PR-24,1797,2,5,12,24,,,,,,,,,,,0.5,,5,,,,,,,,,,,,,,,,,,,,,,,,,0.5,,,,,,,,,,,,,,,,,,,,,,,,20,,,,,,,,,1,,,40,5
far,car/cas,3,PR-24,1797,2,6,12,24,,,,,,,,,,,0.5,,1,,,,,,,,,,,,,,,,,,,,,,,,,1,0.5,,,,,,,,,,,,,,,,,,,,,,,50,,,,,,,,,1,,,25,
far,car/cas,3,PR-24,1797,2,7,12,24,,,,,,,,,,,0.5,,1,,,,,,,,,,,,,,,,,,,,,0.5,,,,0.5,,,,,,,,,,,,,,,,,,,,,,,,20,,,,,,,,,1,,,60,
far,car/cas,3,PR-24,1797,2,8,12,24,,,,,,,,,,,0.5,,5,,,,,,,,,,,,,,,,,,,,,,0.5,,,0.5,,,,,,,,,,,,,,,,,,,,,,,,10,,,1,,,,,,1,,,70,
far,car/cas,3,PR-24,1797,2,9,12,24,,,,,,,,,,,0.5,,1,,,,,,,,,,,,,,,,,,,,,0.5,0.5,,,5,,,,,,,,,,,,,,,,,,,,,5,,,10,,,,,,,,,5,,,60,
far,car/cas,3,PR-24,1797,2,10,12,24,,,,,,,,,,,0.5,,5,,,,,,,,,,,,,,,,,,,,,0.5,,,,10,0.5,,,,,,,,,,,,,,,,,,,,1,,,15,,,10,,,,,,1,,,10,1
near,car/phy/vac/cas,1,TM-25,1658.9,2,1,13,25,,,,,,,,,,,,,1,,,,,,,,,,,,,,,,,,,,,,,,,,,,,,,,,,,,,,,,,,,,,,,,1,,,,,,,,,,,,60,,40
near,car/phy/vac/cas,1,TM-25,1658.9,2,2,13,25,,,,,,,,,,,0.5,,1,,,,,,,,,,,,,,,0.5,,,,,,,,,,,,,,,,,,,,,,,1,,,,,,,,10,,,,,,5,,,,,,15,,40,,
near,car/phy/vac/cas,1,TM-25,1658.9,2,3,13,25,,,,,,,,,,,0.5,,10,,,,,,,,,,,,,,,,,,,,,,,,,,,,,,,,,,,,,,1,,,,,,,,20,,5,,,,25,,,,,,,,10,,
near,car/phy/vac/cas,1,TM-25,1658.9,2,4,13,25,,,,,,,,,,,0.5,,10,,,,,,,,,,,,,,,,,,0.5,0.5,,,,,,,,,,,,,,,,,,,1,,,,,,,,35,,1,,,,15,,,,,,,,5,,
near,car/phy/vac/cas,1,TM-25,1658.9,2,5,13,25,,,,,,,,,,,0.5,,1,,,,,,,,,,,,,,,,,,0.5,0.5,,,,,,,,,,,,,,0.5,,,,,5,,,,,,,,80,,5,,,,5,,,,,,1,,1,,
near,car/phy/vac/cas,1,TM-25,1658.9,2,6,13,25,,,,,,,,,,,0.5,,25,,,,,,,,,,,,,,,0.5,,,0.5,,,,,,,,,,0.5,,,,,,,,,,5,,,,,,,,60,,1,,,,10,,,,,,1,,,,
near,car/phy/vac/cas,1,TM-25,1658.9,2,7,13,25,,,,,,,,,,,0.5,,20,,,,,,,,,,,,,,,0.5,,,1,0.5,,,,,,,,,0.5,,,,,,,,,,10,,,,,,,,40,,1,,,,1,,,,,,1,,,,
near,car/phy/vac/cas,1,TM-25,1658.9,2,8,13,25,,,,,,,,,,,0.5,,10,,,,,,,,,,,,,,,,,,1,,,,,,,,,,5,,,,,,,,,,10,,,,,,,,10,,10,,,,30,,,,,,5,,25,,
near,car/phy/vac/cas,1,TM-25,1658.9,2,9,13,25,,,,,,,,,,,1,,10,,,,,,,,,,,,,,,,,,10,1,,,,,,,,,15,,,,,,,,,,0.5,,,,,,,,15,,10,,,,1,,,,,,,,,,
near,car/phy/vac/cas,1,TM-25,1658.9,2,10,13,25,,,,,,,,,,,,,,,,,,,,,,,,,,,,,,,0.5,,,,,,,,,,,,,,,,,,,,,,,,,,,,,,1,,,,,,,,,,,,100,,
far,car/phy/vac/cas,1,TM-26,1658,3,1,13,26,,,,,,,,,,,5,,5,,,,,,,,,,,,,,,1,,,,0.5,,,,,,,,,1,,5,,,,,,,,,,,,,,,,1,,5,40,,,1,,,,,,0.5,,,5,
far,car/phy/vac/cas,1,TM-26,1658,3,2,13,26,,,,,,,,,,,5,,10,,,,,,,,,,,,,,,0.5,,,,,,,,,,,,,1,,10,,,,,,,,,,,,,,,,5,,5,25,,,1,,,,,,5,,,10,
far,car/phy/vac/cas,1,TM-26,1658,3,3,13,26,,,,,,,,,,,5,,15,,,,,,,,,,,,,,,1,,,,0.5,,,,,,,,,,,10,,,,,,,,,,,,,,,,1,,0.5,20,,,1,,,,,,5,,,20,
far,car/phy/vac/cas,1,TM-26,1658,3,4,13,26,,,,,,,,,,,1,,15,,,,,,,,,,,,,,,1,,,,0.5,,,,,,,,,0.5,,5,,,,,,,,,,,,,,,,1,,5,10,,,15,,,,,,5,,,10,
far,car/phy/vac/cas,1,TM-26,1658,3,5,13,26,,,,,,,,,,,5,,10,,,,,,,,,,,,,,,1,,,,1,,,,,,,,,,,1,,,,,,,,,,,,,,,,0.5,,1,20,,,10,,,,,,5,,,20,
far,car/phy/vac/cas,1,TM-26,1658,3,6,13,26,,,,,,,,,1,,1,,10,,,,0.5,,,,,,,,,,,5,,,,5,,,,,,,,,,,10,,,,,,,,,,,,,,,,5,,1,10,,,15,,,,,,15,,,10,
far,car/phy/vac/cas,1,TM-26,1658,3,7,13,26,,,,,,,,,1,,0.5,,5,,,,5,,,,,,,,,,,1,,,,1,,,,,,,,,1,,5,,,,,,,,,,,,,,,,,,1,15,,,20,,,,,,5,,,1,
far,car/phy/vac/cas,1,TM-26,1658,3,8,13,26,,,,,,,,,1,,1,,10,,,,,,,,,,,,,,,5,,,0.5,,,,,,,,,,5,,,,,,,,,,,,,,,1,,,5,,,20,,,20,,,,,,1,,,10,
far,car/phy/vac/cas,1,TM-26,1658,3,9,13,26,,,,,,,,,1,,5,,15,,,,,,,,,,,,,,,5,,,5,,,,,,,,,,1,,5,,,,,,,,,,,,,,,,,,5,45,,,15,,,,,,15,5,,10,
far,car/phy/vac/cas,1,TM-26,1658,3,10,13,26,,,,5,,,,,,,5,,5,,,,10,,,,,,,,,,,1,,,,,,,,,,,,,,,5,,,,,,,,,,,,,,,,,,20,10,,,30,,,,,,15,,,15,
near,phy/vac/cas,1,TM-27,1669.2,1,1,14,27,,,,,,,,,,,,,,,,,,,,,,,,,,,,,,,,,,,,,,,,,,,,,,,,,,,,,,,,,,,,,0.5,,,,0.5,,,,,,,,100,,
near,phy/vac/cas,1,TM-27,1669.2,1,2,14,27,,,,,,,,,,,,,0.5,,,,,,,,,,,,,,,,,,,,,,,,,,,,,,,,,,,,,,,,,,,,,,,,0.5,,,,0.5,,,,,,,,100,,
near,phy/vac/cas,1,TM-27,1669.2,1,3,14,27,,,,,,,,,,,,,,,,,,,,,,,,,,,,,,,,,,,,,,,,,,,,,,,,,,,,,,,,,,,,,,,,,0.5,,,,,,,,100,,
near,phy/vac/cas,1,TM-27,1669.2,1,4,14,27,,,,,,,,,,,,,0.5,,,,,,,,,,,,,,,,,,,,,,,,,,,,,,,,,,,,,,,,,,,,,,,,0.5,,,,0.5,,,,,,,,100,,
near,phy/vac/cas,1,TM-27,1669.2,1,5,14,27,,,,,,,,,,,,,5,,,,,,,,,,,,,,,,,,,,,,,,,,,,0.5,,,,,,,,,,,,,,,,,,,,5,5,,,5,,,,,,,,80,,
near,phy/vac/cas,1,TM-27,1669.2,1,6,14,27,,,,,,,,,,,,,5,,,,,,,,,,,,,,,,,,,,,,,,,,,,0.5,,0.5,,,,,,,,,,,,,,,,,,10,15,,,15,,,,,,,35,30,,
near,phy/vac/cas,1,TM-27,1669.2,1,7,14,27,,,,,,,,,,,,,10,,,,,,,,,,,,,,,,,,,,,,,,,,,,0.5,,0.5,,,,,,,,,,,,,,,,,,25,15,,,25,,,,,,0.5,45,20,,
near,phy/vac/cas,1,TM-27,1669.2,1,8,14,27,,,,,,,,,,,,,5,,,,,,,,,,,,,,,,,,,,,,,,,,,,0.5,,0.5,,,,,,,,,,,,,,,,,,5,5,,,1,,,,,,1,,90,,
near,phy/vac/cas,1,TM-27,1669.2,1,9,14,27,,,,,,,,,,,,,,,,,,,,,,,,,,,,,,,,,,,,,,,,,,,,,,,,,,,,,,,,,,,,,,,,,,,,,,,,,100,,
near,phy/vac/cas,1,TM-27,1669.2,1,10,14,27,,,,,,,,,,,,,,,,,,,,,,,,,,,,,,,,,,,,,,,,,,,,,,,,,,,,,,,,,,,,,,,,,,,,,,,,,100,,
far,phy/vac/cas,1,TM-28,1669.7,3,1,14,28,,,,,,,,,,,0.5,,5,,,,,,,,,,,,,,,,,,,,,,,,,,,,,,5,,,,,,,,,,,,,,,,5,,15,30,,,25,,,,,,1,5,,10,
far,phy/vac/cas,1,TM-28,1669.7,3,2,14,28,,,,,,,,,,,,,1,,,,,,,,,,,,,,,,,,,,,,,,,,,,,,5,,,,,,,,,,,,,,1,1,5,,5,15,,,25,,,,,,,,,10,
far,phy/vac/cas,1,TM-28,1669.7,3,3,14,28,,,,,,,,,,,,,0.5,,,,,,,,,,,,,,,,,,,,,,,,,,,,,,5,,,,,,,,,,,,,,1,5,1,,15,40,,,20,,,,,,0.5,,,5,
far,phy/vac/cas,1,TM-28,1669.7,3,4,14,28,,,,,,,,,,,,,0.5,,,,,,,,,,,,,,,,,,,,,,,,,,,,,,1,,,,,,,,,,,,,,5,1,0.5,,5,50,,,5,,,,,,0.5,0.5,,5,
far,phy/vac/cas,1,TM-28,1669.7,3,5,14,28,,,,,,,,,,,,,0.5,,,,,,,,,,,,,,,,,,,,,,,,,,,,,,0.5,,,,,,,,,,,,,,5,5,5,,5,15,,,10,,,,,,,0.5,,15,
far,phy/vac/cas,1,TM-28,1669.7,3,6,14,28,,,,,,,,,,,,,0.5,,,,,,,,,,,,,,,,,,,,,,,,,,,,0.5,,10,,,,,,,,,,,,,,5,0.5,0.5,,5,5,,,25,,,,,,5,,,5,
far,phy/vac/cas,1,TM-28,1669.7,3,7,14,28,,,,,,,,,,,,,0.5,,,,,,,,,,,,,,,,,,,,,,,,,,,,,,5,,,,,,,,,,,,,,10,,1,,10,20,,,15,,,,,,30,,,1,
far,phy/vac/cas,1,TM-28,1669.7,3,8,14,28,,,,,,,,,,,,,1,,,,,,,,,,,,,,,,,,,,,,,,,,,,0.5,,5,,,,,,,,,,,,,,10,,5,,5,25,,,20,,,,,,5,,,5,
far,phy/vac/cas,1,TM-28,1669.7,3,9,14,28,,,,,,,,,,,,,1,,,,,,,,,,,,,,,,,,,,,,,,,,,0.5,,,5,,,,,,,,,,,,,,10,,5,,5,20,,,25,,,,,,5,,,20,
far,phy/vac/cas,1,TM-28,1669.7,3,10,14,28,,,,,,,,,,,,,0.5,,,,,,,,,,,,,,,,,,,,,,,,,,,,,,5,,,,,,,,,,,,,,,1,1,,1,15,,,45,,,,,,1,5,,20,